customerid,uniqueid,name,age,gender,emailid,phonenos,sizeoffamily
01,AAD-1,JOHNSON JOHNSON,52,M,JOHNSONJOHNSONJOHNSON@mookambikainfo.com,363-683-4121,6
02,AAD-2,WILLIAMS WILLIA,19,M,WILLIAMSWILLIAMSWILLIAMS@mookambikainfo.com,775-644-8016,5
03,AAD-3,JONES JONES JON,44,F,JONESJONESJONES@mookambikainfo.com,913-279-1105,3
04,AAD-4,BROWN BROWN BRO,14,M,BROWNBROWNBROWN@gmail.com,929-634-9427,6
05,AAD-5,DAVIS DAVIS DAV,33,M,DAVISDAVISDAVIS@yahoo.com,104-092-5897,2
06,AAD-6,MILLER MILLER M,18,M,MILLERMILLERMILLER@techmango.com,728-239-2526,1
07,AAD-7,WILSON WILSON W,21,M,WILSONWILSONWILSON@hotmail.com,209-480-1607,2
08,AAD-8,MOORE MOORE MOO,47,F,MOOREMOOREMOORE@gmail.com,364-597-6969,1
09,AAD-9,TAYLOR TAYLOR T,25,M,TAYLORTAYLORTAYLOR@techmango.com,756-503-0769,3
010,AAD-10,ANDERSON ANDERS,40,M,ANDERSONANDERSONANDERSON@gmail.com,275-016-9335,1
011,AAD-11,THOMAS THOMAS T,56,M,THOMASTHOMASTHOMAS@mookambikainfo.com,746-600-8226,3
012,AAD-12,JACKSON JACKSON,41,M,JACKSONJACKSONJACKSON@mookambikainfo.com,259-028-2684,3
013,AAD-13,WHITE WHITE WHI,29,M,WHITEWHITEWHITE@mookambikainfo.com,555-676-5922,2
014,AAD-14,HARRIS HARRIS H,38,M,HARRISHARRISHARRIS@yahoo.com,169-230-0477,4
015,AAD-15,MARTIN MARTIN M,32,M,MARTINMARTINMARTIN@techmango.com,703-226-9158,4
016,AAD-16,THOMPSON THOMPS,53,F,THOMPSONTHOMPSONTHOMPSON@hotmail.com,214-611-7995,0
017,AAD-17,GARCIA GARCIA G,10,F,GARCIAGARCIAGARCIA@hotmail.com,150-886-4313,5
018,AAD-18,MARTINEZ MARTIN,48,M,MARTINEZMARTINEZMARTINEZ@gmail.com,595-503-2719,1
019,AAD-19,ROBINSON ROBINS,43,M,ROBINSONROBINSONROBINSON@techmango.com,507-271-7195,2
020,AAD-20,CLARK CLARK CLA,37,F,CLARKCLARKCLARK@hotmail.com,473-878-7490,3
021,AAD-21,RODRIGUEZ RODRI,22,F,RODRIGUEZRODRIGUEZRODRIGUEZ@gmail.com,563-126-0893,4
022,AAD-22,LEWIS LEWIS LEW,44,M,LEWISLEWISLEWIS@hotmail.com,195-333-9396,3
023,AAD-23,LEE LEE LEE,15,M,LEELEELEE@gmail.com,836-742-2683,4
024,AAD-24,WALKER WALKER W,56,M,WALKERWALKERWALKER@mookambikainfo.com,422-458-6192,0
025,AAD-25,HALL HALL HALL,37,F,HALLHALLHALL@yahoo.com,580-141-0101,2
026,AAD-26,ALLEN ALLEN ALL,27,M,ALLENALLENALLEN@gmail.com,624-176-9249,7
027,AAD-27,YOUNG YOUNG YOU,51,F,YOUNGYOUNGYOUNG@gmail.com,955-008-8706,3
028,AAD-28,HERNANDEZ HERNA,37,F,HERNANDEZHERNANDEZHERNANDEZ@mookambikainfo.com,895-359-6326,7
029,AAD-29,KING KING KING,13,M,KINGKINGKING@yahoo.com,746-659-8136,1
030,AAD-30,WRIGHT WRIGHT W,36,F,WRIGHTWRIGHTWRIGHT@gmail.com,182-888-1626,3
031,AAD-31,LOPEZ LOPEZ LOP,51,M,LOPEZLOPEZLOPEZ@techmango.com,693-389-1140,6
032,AAD-32,HILL HILL HILL,11,M,HILLHILLHILL@yahoo.com,553-641-8916,4
033,AAD-33,SCOTT SCOTT SCO,44,F,SCOTTSCOTTSCOTT@hotmail.com,525-805-0306,5
034,AAD-34,GREEN GREEN GRE,18,M,GREENGREENGREEN@techmango.com,978-072-7428,3
035,AAD-35,ADAMS ADAMS ADA,20,M,ADAMSADAMSADAMS@techmango.com,597-753-8448,5
036,AAD-36,BAKER BAKER BAK,30,F,BAKERBAKERBAKER@yahoo.com,517-029-7799,1
037,AAD-37,GONZALEZ GONZAL,56,F,GONZALEZGONZALEZGONZALEZ@mookambikainfo.com,745-093-2382,3
038,AAD-38,NELSON NELSON N,51,F,NELSONNELSONNELSON@techmango.com,288-791-4474,5
039,AAD-39,CARTER CARTER C,56,M,CARTERCARTERCARTER@techmango.com,633-328-2595,5
040,AAD-40,MITCHELL MITCHE,59,M,MITCHELLMITCHELLMITCHELL@techmango.com,774-099-9566,5
041,AAD-41,PEREZ PEREZ PER,45,F,PEREZPEREZPEREZ@gmail.com,179-634-0764,4
042,AAD-42,ROBERTS ROBERTS,10,M,ROBERTSROBERTSROBERTS@yahoo.com,989-327-4294,2
043,AAD-43,TURNER TURNER T,59,F,TURNERTURNERTURNER@hotmail.com,832-020-3777,2
044,AAD-44,PHILLIPS PHILLI,41,M,PHILLIPSPHILLIPSPHILLIPS@hotmail.com,489-766-2734,6
045,AAD-45,CAMPBELL CAMPBE,28,M,CAMPBELLCAMPBELLCAMPBELL@hotmail.com,659-763-6448,5
046,AAD-46,PARKER PARKER P,55,F,PARKERPARKERPARKER@mookambikainfo.com,913-002-6811,7
047,AAD-47,EVANS EVANS EVA,58,F,EVANSEVANSEVANS@yahoo.com,551-447-3536,5
048,AAD-48,EDWARDS EDWARDS,46,F,EDWARDSEDWARDSEDWARDS@mookambikainfo.com,541-036-2034,7
049,AAD-49,COLLINS COLLINS,26,F,COLLINSCOLLINSCOLLINS@yahoo.com,388-458-0026,7
050,AAD-50,STEWART STEWART,56,F,STEWARTSTEWARTSTEWART@gmail.com,979-551-6308,2
051,AAD-51,SANCHEZ SANCHEZ,48,M,SANCHEZSANCHEZSANCHEZ@mookambikainfo.com,673-459-5056,4
052,AAD-52,MORRIS MORRIS M,22,M,MORRISMORRISMORRIS@hotmail.com,602-040-3427,5
053,AAD-53,ROGERS ROGERS R,50,M,ROGERSROGERSROGERS@gmail.com,160-668-3384,5
054,AAD-54,REED REED REED,56,M,REEDREEDREED@hotmail.com,459-496-0407,3
055,AAD-55,COOK COOK COOK,19,M,COOKCOOKCOOK@yahoo.com,367-780-0013,3
056,AAD-56,MORGAN MORGAN M,40,M,MORGANMORGANMORGAN@yahoo.com,680-072-1282,0
057,AAD-57,BELL BELL BELL,14,F,BELLBELLBELL@hotmail.com,435-242-0876,0
058,AAD-58,MURPHY MURPHY M,42,M,MURPHYMURPHYMURPHY@mookambikainfo.com,909-253-9499,0
059,AAD-59,BAILEY BAILEY B,25,M,BAILEYBAILEYBAILEY@mookambikainfo.com,344-329-2826,5
060,AAD-60,RIVERA RIVERA R,18,F,RIVERARIVERARIVERA@yahoo.com,347-015-2228,0
061,AAD-61,COOPER COOPER C,23,F,COOPERCOOPERCOOPER@techmango.com,963-269-5005,7
062,AAD-62,RICHARDSON RICH,44,F,RICHARDSONRICHARDSONRICHARDSON@techmango.com,804-163-1789,7
063,AAD-63,COX COX COX,48,F,COXCOXCOX@yahoo.com,695-123-7254,6
064,AAD-64,HOWARD HOWARD H,20,M,HOWARDHOWARDHOWARD@hotmail.com,879-221-9516,5
065,AAD-65,WARD WARD WARD,44,M,WARDWARDWARD@mookambikainfo.com,981-346-0086,0
066,AAD-66,TORRES TORRES T,16,F,TORRESTORRESTORRES@hotmail.com,198-219-6213,2
067,AAD-67,PETERSON PETERS,29,M,PETERSONPETERSONPETERSON@gmail.com,608-601-0295,3
068,AAD-68,GRAY GRAY GRAY,46,M,GRAYGRAYGRAY@hotmail.com,992-530-2369,2
069,AAD-69,RAMIREZ RAMIREZ,19,F,RAMIREZRAMIREZRAMIREZ@techmango.com,376-783-0315,1
070,AAD-70,JAMES JAMES JAM,16,F,JAMESJAMESJAMES@mookambikainfo.com,943-661-4754,0
071,AAD-71,WATSON WATSON W,56,F,WATSONWATSONWATSON@yahoo.com,674-887-9670,1
072,AAD-72,BROOKS BROOKS B,22,F,BROOKSBROOKSBROOKS@gmail.com,534-614-0505,7
073,AAD-73,KELLY KELLY KEL,53,M,KELLYKELLYKELLY@mookambikainfo.com,232-881-0545,6
074,AAD-74,SANDERS SANDERS,45,M,SANDERSSANDERSSANDERS@hotmail.com,222-879-9241,0
075,AAD-75,PRICE PRICE PRI,55,F,PRICEPRICEPRICE@yahoo.com,150-711-3629,3
076,AAD-76,BENNETT BENNETT,29,F,BENNETTBENNETTBENNETT@techmango.com,668-777-9361,3
077,AAD-77,WOOD WOOD WOOD,27,F,WOODWOODWOOD@yahoo.com,898-784-9518,0
078,AAD-78,BARNES BARNES B,56,F,BARNESBARNESBARNES@techmango.com,192-617-6569,3
079,AAD-79,ROSS ROSS ROSS,55,M,ROSSROSSROSS@mookambikainfo.com,310-529-9026,5
080,AAD-80,HENDERSON HENDE,39,M,HENDERSONHENDERSONHENDERSON@mookambikainfo.com,324-474-1120,2
081,AAD-81,COLEMAN COLEMAN,12,F,COLEMANCOLEMANCOLEMAN@yahoo.com,644-669-4653,1
082,AAD-82,JENKINS JENKINS,51,M,JENKINSJENKINSJENKINS@hotmail.com,690-489-4724,6
083,AAD-83,PERRY PERRY PER,23,F,PERRYPERRYPERRY@gmail.com,571-789-0084,0
084,AAD-84,POWELL POWELL P,46,M,POWELLPOWELLPOWELL@techmango.com,921-078-1256,0
085,AAD-85,LONG LONG LONG,22,M,LONGLONGLONG@techmango.com,726-769-5167,6
086,AAD-86,PATTERSON PATTE,19,M,PATTERSONPATTERSONPATTERSON@mookambikainfo.com,322-561-0784,7
087,AAD-87,HUGHES HUGHES H,37,M,HUGHESHUGHESHUGHES@techmango.com,756-274-6452,0
088,AAD-88,FLORES FLORES F,34,M,FLORESFLORESFLORES@mookambikainfo.com,555-556-8894,7
089,AAD-89,WASHINGTON WASH,10,M,WASHINGTONWASHINGTONWASHINGTON@gmail.com,536-520-4635,7
090,AAD-90,BUTLER BUTLER B,54,F,BUTLERBUTLERBUTLER@gmail.com,586-676-5774,5
091,AAD-91,SIMMONS SIMMONS,28,M,SIMMONSSIMMONSSIMMONS@gmail.com,600-400-0413,0
092,AAD-92,FOSTER FOSTER F,43,M,FOSTERFOSTERFOSTER@hotmail.com,253-511-0039,4
093,AAD-93,GONZALES GONZAL,30,F,GONZALESGONZALESGONZALES@hotmail.com,819-640-1937,2
094,AAD-94,BRYANT BRYANT B,30,F,BRYANTBRYANTBRYANT@yahoo.com,715-276-2107,0
095,AAD-95,ALEXANDER ALEXA,20,F,ALEXANDERALEXANDERALEXANDER@hotmail.com,206-222-3815,1
096,AAD-96,RUSSELL RUSSELL,38,F,RUSSELLRUSSELLRUSSELL@mookambikainfo.com,334-216-6393,0
097,AAD-97,GRIFFIN GRIFFIN,43,F,GRIFFINGRIFFINGRIFFIN@gmail.com,684-417-3196,1
098,AAD-98,DIAZ DIAZ DIAZ,38,F,DIAZDIAZDIAZ@gmail.com,252-105-2177,6
099,AAD-99,HAYES HAYES HAY,25,F,HAYESHAYESHAYES@techmango.com,166-461-5814,7
0100,AAD-100,MYERS MYERS MYE,28,M,MYERSMYERSMYERS@gmail.com,857-529-8325,1
0101,AAD-101,FORD FORD FORD,43,F,FORDFORDFORD@hotmail.com,377-691-0179,2
0102,AAD-102,HAMILTON HAMILT,47,F,HAMILTONHAMILTONHAMILTON@techmango.com,356-027-9905,4
0103,AAD-103,GRAHAM GRAHAM G,37,F,GRAHAMGRAHAMGRAHAM@hotmail.com,545-863-0312,3
0104,AAD-104,SULLIVAN SULLIV,15,M,SULLIVANSULLIVANSULLIVAN@hotmail.com,500-004-4460,6
0105,AAD-105,WALLACE WALLACE,38,M,WALLACEWALLACEWALLACE@yahoo.com,850-480-0019,0
0106,AAD-106,WOODS WOODS WOO,30,M,WOODSWOODSWOODS@techmango.com,338-217-9375,1
0107,AAD-107,COLE COLE COLE,36,M,COLECOLECOLE@mookambikainfo.com,632-303-9654,2
0108,AAD-108,WEST WEST WEST,49,F,WESTWESTWEST@gmail.com,495-551-9393,6
0109,AAD-109,JORDAN JORDAN J,13,M,JORDANJORDANJORDAN@techmango.com,833-545-0306,3
0110,AAD-110,OWENS OWENS OWE,38,M,OWENSOWENSOWENS@techmango.com,288-265-7926,3
0111,AAD-111,REYNOLDS REYNOL,51,F,REYNOLDSREYNOLDSREYNOLDS@gmail.com,104-536-6874,1
0112,AAD-112,FISHER FISHER F,24,M,FISHERFISHERFISHER@techmango.com,599-634-8786,5
0113,AAD-113,ELLIS ELLIS ELL,15,F,ELLISELLISELLIS@mookambikainfo.com,726-475-6796,1
0114,AAD-114,HARRISON HARRIS,38,M,HARRISONHARRISONHARRISON@gmail.com,274-403-6734,4
0115,AAD-115,GIBSON GIBSON G,49,F,GIBSONGIBSONGIBSON@mookambikainfo.com,834-661-9192,3
0116,AAD-116,MCDONALD MCDONA,19,M,MCDONALDMCDONALDMCDONALD@gmail.com,363-605-3864,3
0117,AAD-117,CRUZ CRUZ CRUZ,45,F,CRUZCRUZCRUZ@mookambikainfo.com,856-511-0456,6
0118,AAD-118,MARSHALL MARSHA,43,F,MARSHALLMARSHALLMARSHALL@yahoo.com,456-593-8116,7
0119,AAD-119,ORTIZ ORTIZ ORT,18,F,ORTIZORTIZORTIZ@yahoo.com,905-323-4594,0
0120,AAD-120,GOMEZ GOMEZ GOM,13,M,GOMEZGOMEZGOMEZ@gmail.com,422-351-9209,6
0121,AAD-121,MURRAY MURRAY M,57,F,MURRAYMURRAYMURRAY@yahoo.com,703-054-4030,5
0122,AAD-122,FREEMAN FREEMAN,47,M,FREEMANFREEMANFREEMAN@techmango.com,559-276-3485,0
0123,AAD-123,WELLS WELLS WEL,51,M,WELLSWELLSWELLS@techmango.com,586-636-5900,6
0124,AAD-124,WEBB WEBB WEBB,11,F,WEBBWEBBWEBB@hotmail.com,552-800-6628,6
0125,AAD-125,SIMPSON SIMPSON,47,M,SIMPSONSIMPSONSIMPSON@techmango.com,756-554-8918,1
0126,AAD-126,STEVENS STEVENS,32,M,STEVENSSTEVENSSTEVENS@techmango.com,518-252-6505,6
0127,AAD-127,TUCKER TUCKER T,42,M,TUCKERTUCKERTUCKER@gmail.com,823-120-5355,0
0128,AAD-128,PORTER PORTER P,44,M,PORTERPORTERPORTER@gmail.com,564-762-3135,2
0129,AAD-129,HUNTER HUNTER H,10,F,HUNTERHUNTERHUNTER@yahoo.com,896-013-8023,1
0130,AAD-130,HICKS HICKS HIC,57,F,HICKSHICKSHICKS@mookambikainfo.com,240-254-7240,2
0131,AAD-131,CRAWFORD CRAWFO,11,F,CRAWFORDCRAWFORDCRAWFORD@techmango.com,883-795-1871,4
0132,AAD-132,HENRY HENRY HEN,20,M,HENRYHENRYHENRY@gmail.com,593-297-3633,1
0133,AAD-133,BOYD BOYD BOYD,58,F,BOYDBOYDBOYD@hotmail.com,579-594-1771,1
0134,AAD-134,MASON MASON MAS,30,F,MASONMASONMASON@techmango.com,955-650-9373,1
0135,AAD-135,MORALES MORALES,15,M,MORALESMORALESMORALES@yahoo.com,590-213-3813,3
0136,AAD-136,KENNEDY KENNEDY,39,F,KENNEDYKENNEDYKENNEDY@mookambikainfo.com,834-834-7932,0
0137,AAD-137,WARREN WARREN W,19,F,WARRENWARRENWARREN@yahoo.com,588-142-7868,4
0138,AAD-138,DIXON DIXON DIX,25,F,DIXONDIXONDIXON@mookambikainfo.com,805-728-0100,5
0139,AAD-139,RAMOS RAMOS RAM,49,F,RAMOSRAMOSRAMOS@hotmail.com,333-136-1220,0
0140,AAD-140,REYES REYES REY,25,F,REYESREYESREYES@hotmail.com,749-242-3252,0
0141,AAD-141,BURNS BURNS BUR,17,M,BURNSBURNSBURNS@mookambikainfo.com,140-039-7361,3
0142,AAD-142,GORDON GORDON G,13,M,GORDONGORDONGORDON@hotmail.com,852-635-3168,0
0143,AAD-143,SHAW SHAW SHAW,48,M,SHAWSHAWSHAW@gmail.com,517-217-2275,7
0144,AAD-144,HOLMES HOLMES H,14,F,HOLMESHOLMESHOLMES@gmail.com,575-127-8914,2
0145,AAD-145,RICE RICE RICE,35,M,RICERICERICE@gmail.com,946-421-3863,1
0146,AAD-146,ROBERTSON ROBER,28,M,ROBERTSONROBERTSONROBERTSON@yahoo.com,201-235-5952,5
0147,AAD-147,HUNT HUNT HUNT,33,M,HUNTHUNTHUNT@yahoo.com,343-491-5294,6
0148,AAD-148,BLACK BLACK BLA,52,F,BLACKBLACKBLACK@hotmail.com,413-392-7862,6
0149,AAD-149,DANIELS DANIELS,26,M,DANIELSDANIELSDANIELS@yahoo.com,405-456-7142,5
0150,AAD-150,PALMER PALMER P,34,F,PALMERPALMERPALMER@mookambikainfo.com,663-368-5652,6
0151,AAD-151,MILLS MILLS MIL,34,M,MILLSMILLSMILLS@yahoo.com,432-431-6109,7
0152,AAD-152,NICHOLS NICHOLS,14,M,NICHOLSNICHOLSNICHOLS@mookambikainfo.com,973-445-5801,1
0153,AAD-153,GRANT GRANT GRA,25,F,GRANTGRANTGRANT@techmango.com,102-714-2635,0
0154,AAD-154,KNIGHT KNIGHT K,58,M,KNIGHTKNIGHTKNIGHT@gmail.com,520-600-0612,1
0155,AAD-155,FERGUSON FERGUS,14,F,FERGUSONFERGUSONFERGUSON@hotmail.com,413-227-5766,4
0156,AAD-156,ROSE ROSE ROSE,55,M,ROSEROSEROSE@yahoo.com,956-252-2659,7
0157,AAD-157,STONE STONE STO,44,F,STONESTONESTONE@mookambikainfo.com,827-878-9812,5
0158,AAD-158,HAWKINS HAWKINS,15,M,HAWKINSHAWKINSHAWKINS@hotmail.com,875-290-5157,5
0159,AAD-159,DUNN DUNN DUNN,31,F,DUNNDUNNDUNN@gmail.com,372-863-3654,4
0160,AAD-160,PERKINS PERKINS,26,F,PERKINSPERKINSPERKINS@gmail.com,716-346-0118,5
0161,AAD-161,HUDSON HUDSON H,10,F,HUDSONHUDSONHUDSON@gmail.com,919-335-9009,3
0162,AAD-162,SPENCER SPENCER,50,F,SPENCERSPENCERSPENCER@techmango.com,822-428-1067,5
0163,AAD-163,GARDNER GARDNER,59,F,GARDNERGARDNERGARDNER@techmango.com,675-213-6721,4
0164,AAD-164,STEPHENS STEPHE,24,M,STEPHENSSTEPHENSSTEPHENS@yahoo.com,527-607-3110,6
0165,AAD-165,PAYNE PAYNE PAY,22,F,PAYNEPAYNEPAYNE@hotmail.com,385-319-9404,7
0166,AAD-166,PIERCE PIERCE P,10,M,PIERCEPIERCEPIERCE@hotmail.com,355-253-5830,3
0167,AAD-167,BERRY BERRY BER,23,F,BERRYBERRYBERRY@hotmail.com,503-620-8480,4
0168,AAD-168,MATTHEWS MATTHE,48,M,MATTHEWSMATTHEWSMATTHEWS@techmango.com,709-798-2722,3
0169,AAD-169,ARNOLD ARNOLD A,44,M,ARNOLDARNOLDARNOLD@mookambikainfo.com,267-194-2584,5
0170,AAD-170,WAGNER WAGNER W,19,F,WAGNERWAGNERWAGNER@mookambikainfo.com,359-376-3701,1
0171,AAD-171,WILLIS WILLIS W,36,F,WILLISWILLISWILLIS@yahoo.com,992-730-4348,4
0172,AAD-172,RAY RAY RAY,50,M,RAYRAYRAY@hotmail.com,483-507-2482,6
0173,AAD-173,WATKINS WATKINS,20,M,WATKINSWATKINSWATKINS@techmango.com,201-492-5108,7
0174,AAD-174,OLSON OLSON OLS,43,M,OLSONOLSONOLSON@hotmail.com,144-879-4925,3
0175,AAD-175,CARROLL CARROLL,50,F,CARROLLCARROLLCARROLL@yahoo.com,753-826-5384,5
0176,AAD-176,DUNCAN DUNCAN D,39,M,DUNCANDUNCANDUNCAN@hotmail.com,561-586-8479,6
0177,AAD-177,SNYDER SNYDER S,34,M,SNYDERSNYDERSNYDER@gmail.com,634-222-5972,3
0178,AAD-178,HART HART HART,23,M,HARTHARTHART@gmail.com,874-072-2320,6
0179,AAD-179,CUNNINGHAM CUNN,52,F,CUNNINGHAMCUNNINGHAMCUNNINGHAM@yahoo.com,757-325-0144,0
0180,AAD-180,BRADLEY BRADLEY,17,M,BRADLEYBRADLEYBRADLEY@yahoo.com,180-755-7763,1
0181,AAD-181,LANE LANE LANE,44,M,LANELANELANE@mookambikainfo.com,355-845-3833,5
0182,AAD-182,ANDREWS ANDREWS,37,M,ANDREWSANDREWSANDREWS@gmail.com,693-841-6661,4
0183,AAD-183,RUIZ RUIZ RUIZ,58,M,RUIZRUIZRUIZ@hotmail.com,668-515-0338,7
0184,AAD-184,HARPER HARPER H,19,M,HARPERHARPERHARPER@yahoo.com,135-682-5648,1
0185,AAD-185,FOX FOX FOX,15,F,FOXFOXFOX@gmail.com,250-388-2656,6
0186,AAD-186,RILEY RILEY RIL,50,M,RILEYRILEYRILEY@gmail.com,280-747-6332,4
0187,AAD-187,ARMSTRONG ARMST,10,M,ARMSTRONGARMSTRONGARMSTRONG@yahoo.com,737-596-6755,0
0188,AAD-188,CARPENTER CARPE,18,F,CARPENTERCARPENTERCARPENTER@gmail.com,901-397-8576,6
0189,AAD-189,WEAVER WEAVER W,44,M,WEAVERWEAVERWEAVER@gmail.com,129-175-3379,2
0190,AAD-190,GREENE GREENE G,51,F,GREENEGREENEGREENE@techmango.com,597-424-7245,3
0191,AAD-191,LAWRENCE LAWREN,17,F,LAWRENCELAWRENCELAWRENCE@hotmail.com,214-658-6409,6
0192,AAD-192,ELLIOTT ELLIOTT,51,F,ELLIOTTELLIOTTELLIOTT@yahoo.com,535-442-5078,2
0193,AAD-193,CHAVEZ CHAVEZ C,25,F,CHAVEZCHAVEZCHAVEZ@techmango.com,540-770-4083,6
0194,AAD-194,SIMS SIMS SIMS,23,M,SIMSSIMSSIMS@gmail.com,836-008-6184,4
0195,AAD-195,AUSTIN AUSTIN A,57,M,AUSTINAUSTINAUSTIN@yahoo.com,211-849-7165,4
0196,AAD-196,PETERS PETERS P,31,M,PETERSPETERSPETERS@mookambikainfo.com,308-400-8478,2
0197,AAD-197,KELLEY KELLEY K,28,M,KELLEYKELLEYKELLEY@yahoo.com,978-235-6383,0
0198,AAD-198,FRANKLIN FRANKL,59,M,FRANKLINFRANKLINFRANKLIN@gmail.com,866-098-3746,1
0199,AAD-199,LAWSON LAWSON L,50,F,LAWSONLAWSONLAWSON@hotmail.com,281-547-3094,6
0200,AAD-200,FIELDS FIELDS F,31,F,FIELDSFIELDSFIELDS@gmail.com,281-115-2336,4
0201,AAD-201,GUTIERREZ GUTIE,30,M,GUTIERREZGUTIERREZGUTIERREZ@gmail.com,631-396-3075,6
0202,AAD-202,RYAN RYAN RYAN,42,F,RYANRYANRYAN@yahoo.com,797-158-3893,5
0203,AAD-203,SCHMIDT SCHMIDT,33,F,SCHMIDTSCHMIDTSCHMIDT@hotmail.com,815-647-8110,1
0204,AAD-204,CARR CARR CARR,56,F,CARRCARRCARR@mookambikainfo.com,167-545-4267,2
0205,AAD-205,VASQUEZ VASQUEZ,45,M,VASQUEZVASQUEZVASQUEZ@techmango.com,101-526-0572,2
0206,AAD-206,CASTILLO CASTIL,41,M,CASTILLOCASTILLOCASTILLO@gmail.com,449-108-2812,6
0207,AAD-207,WHEELER WHEELER,21,F,WHEELERWHEELERWHEELER@mookambikainfo.com,623-392-5712,2
0208,AAD-208,CHAPMAN CHAPMAN,10,F,CHAPMANCHAPMANCHAPMAN@hotmail.com,823-764-5143,0
0209,AAD-209,OLIVER OLIVER O,17,F,OLIVEROLIVEROLIVER@yahoo.com,566-578-1614,7
0210,AAD-210,MONTGOMERY MONT,11,M,MONTGOMERYMONTGOMERYMONTGOMERY@yahoo.com,628-072-7594,6
0211,AAD-211,RICHARDS RICHAR,56,F,RICHARDSRICHARDSRICHARDS@mookambikainfo.com,413-395-9667,0
0212,AAD-212,WILLIAMSON WILL,34,M,WILLIAMSONWILLIAMSONWILLIAMSON@mookambikainfo.com,613-668-8471,2
0213,AAD-213,JOHNSTON JOHNST,30,M,JOHNSTONJOHNSTONJOHNSTON@hotmail.com,397-375-3571,4
0214,AAD-214,BANKS BANKS BAN,34,M,BANKSBANKSBANKS@mookambikainfo.com,793-439-5973,1
0215,AAD-215,MEYER MEYER MEY,18,F,MEYERMEYERMEYER@gmail.com,518-603-0425,3
0216,AAD-216,BISHOP BISHOP B,40,M,BISHOPBISHOPBISHOP@gmail.com,942-651-5679,0
0217,AAD-217,MCCOY MCCOY MCC,36,F,MCCOYMCCOYMCCOY@mookambikainfo.com,111-055-1182,2
0218,AAD-218,HOWELL HOWELL H,30,M,HOWELLHOWELLHOWELL@hotmail.com,338-884-7399,5
0219,AAD-219,ALVAREZ ALVAREZ,58,M,ALVAREZALVAREZALVAREZ@mookambikainfo.com,413-412-0514,7
0220,AAD-220,MORRISON MORRIS,26,M,MORRISONMORRISONMORRISON@techmango.com,461-622-1096,4
0221,AAD-221,HANSEN HANSEN H,10,F,HANSENHANSENHANSEN@techmango.com,166-060-5901,7
0222,AAD-222,FERNANDEZ FERNA,36,F,FERNANDEZFERNANDEZFERNANDEZ@hotmail.com,884-460-9959,4
0223,AAD-223,GARZA GARZA GAR,32,M,GARZAGARZAGARZA@hotmail.com,463-127-3348,7
0224,AAD-224,HARVEY HARVEY H,41,M,HARVEYHARVEYHARVEY@gmail.com,751-065-6159,5
0225,AAD-225,LITTLE LITTLE L,40,M,LITTLELITTLELITTLE@gmail.com,718-134-2182,6
0226,AAD-226,BURTON BURTON B,37,M,BURTONBURTONBURTON@yahoo.com,410-877-4764,1
0227,AAD-227,STANLEY STANLEY,54,M,STANLEYSTANLEYSTANLEY@hotmail.com,878-631-5600,6
0228,AAD-228,NGUYEN NGUYEN N,20,F,NGUYENNGUYENNGUYEN@gmail.com,460-575-9988,1
0229,AAD-229,GEORGE GEORGE G,29,F,GEORGEGEORGEGEORGE@hotmail.com,350-445-6477,0
0230,AAD-230,JACOBS JACOBS J,27,M,JACOBSJACOBSJACOBS@hotmail.com,340-328-1601,3
0231,AAD-231,REID REID REID,32,F,REIDREIDREID@yahoo.com,253-729-9138,1
0232,AAD-232,KIM KIM KIM,38,M,KIMKIMKIM@gmail.com,804-772-2008,7
0233,AAD-233,FULLER FULLER F,22,F,FULLERFULLERFULLER@hotmail.com,573-265-9836,2
0234,AAD-234,LYNCH LYNCH LYN,49,F,LYNCHLYNCHLYNCH@yahoo.com,967-195-2346,3
0235,AAD-235,DEAN DEAN DEAN,49,M,DEANDEANDEAN@techmango.com,857-440-5479,7
0236,AAD-236,GILBERT GILBERT,46,M,GILBERTGILBERTGILBERT@gmail.com,787-795-3396,4
0237,AAD-237,GARRETT GARRETT,33,F,GARRETTGARRETTGARRETT@techmango.com,225-038-9931,5
0238,AAD-238,ROMERO ROMERO R,35,F,ROMEROROMEROROMERO@gmail.com,432-829-7160,2
0239,AAD-239,WELCH WELCH WEL,54,F,WELCHWELCHWELCH@techmango.com,181-663-6417,3
0240,AAD-240,LARSON LARSON L,33,M,LARSONLARSONLARSON@techmango.com,547-013-2766,7
0241,AAD-241,FRAZIER FRAZIER,59,F,FRAZIERFRAZIERFRAZIER@yahoo.com,325-107-5815,6
0242,AAD-242,BURKE BURKE BUR,15,F,BURKEBURKEBURKE@mookambikainfo.com,832-120-1247,7
0243,AAD-243,HANSON HANSON H,10,F,HANSONHANSONHANSON@mookambikainfo.com,832-551-7800,6
0244,AAD-244,DAY DAY DAY,54,F,DAYDAYDAY@yahoo.com,677-303-7405,5
0245,AAD-245,MENDOZA MENDOZA,46,F,MENDOZAMENDOZAMENDOZA@hotmail.com,672-310-8414,6
0246,AAD-246,MORENO MORENO M,38,F,MORENOMORENOMORENO@mookambikainfo.com,461-172-2158,7
0247,AAD-247,BOWMAN BOWMAN B,29,M,BOWMANBOWMANBOWMAN@gmail.com,269-795-8425,1
0248,AAD-248,MEDINA MEDINA M,52,M,MEDINAMEDINAMEDINA@yahoo.com,729-546-5392,2
0249,AAD-249,FOWLER FOWLER F,19,F,FOWLERFOWLERFOWLER@techmango.com,853-323-7964,7
0250,AAD-250,BREWER BREWER B,53,M,BREWERBREWERBREWER@yahoo.com,574-683-2337,7
0251,AAD-251,HOFFMAN HOFFMAN,31,F,HOFFMANHOFFMANHOFFMAN@hotmail.com,972-762-7059,1
0252,AAD-252,CARLSON CARLSON,14,M,CARLSONCARLSONCARLSON@yahoo.com,584-467-2787,2
0253,AAD-253,SILVA SILVA SIL,20,M,SILVASILVASILVA@hotmail.com,713-418-9766,4
0254,AAD-254,PEARSON PEARSON,41,F,PEARSONPEARSONPEARSON@hotmail.com,668-582-2338,0
0255,AAD-255,HOLLAND HOLLAND,41,F,HOLLANDHOLLANDHOLLAND@yahoo.com,653-137-7465,1
0256,AAD-256,DOUGLAS DOUGLAS,56,F,DOUGLASDOUGLASDOUGLAS@gmail.com,661-069-5945,7
0257,AAD-257,FLEMING FLEMING,22,M,FLEMINGFLEMINGFLEMING@gmail.com,105-472-7744,0
0258,AAD-258,JENSEN JENSEN J,51,M,JENSENJENSENJENSEN@yahoo.com,572-083-2775,5
0259,AAD-259,VARGAS VARGAS V,31,M,VARGASVARGASVARGAS@mookambikainfo.com,256-076-3980,3
0260,AAD-260,BYRD BYRD BYRD,20,F,BYRDBYRDBYRD@hotmail.com,261-328-5766,5
0261,AAD-261,DAVIDSON DAVIDS,50,F,DAVIDSONDAVIDSONDAVIDSON@techmango.com,821-526-8223,1
0262,AAD-262,HOPKINS HOPKINS,44,M,HOPKINSHOPKINSHOPKINS@techmango.com,658-469-1265,1
0263,AAD-263,MAY MAY MAY,16,F,MAYMAYMAY@techmango.com,422-590-4155,7
0264,AAD-264,TERRY TERRY TER,52,F,TERRYTERRYTERRY@mookambikainfo.com,327-610-7357,3
0265,AAD-265,HERRERA HERRERA,50,F,HERRERAHERRERAHERRERA@hotmail.com,803-337-2394,2
0266,AAD-266,WADE WADE WADE,52,F,WADEWADEWADE@yahoo.com,287-720-6808,5
0267,AAD-267,SOTO SOTO SOTO,11,F,SOTOSOTOSOTO@mookambikainfo.com,914-348-7849,5
0268,AAD-268,WALTERS WALTERS,55,F,WALTERSWALTERSWALTERS@mookambikainfo.com,738-866-6071,7
0269,AAD-269,CURTIS CURTIS C,37,F,CURTISCURTISCURTIS@hotmail.com,734-067-4595,2
0270,AAD-270,NEAL NEAL NEAL,51,M,NEALNEALNEAL@mookambikainfo.com,576-213-9347,7
0271,AAD-271,CALDWELL CALDWE,32,M,CALDWELLCALDWELLCALDWELL@gmail.com,363-767-3158,3
0272,AAD-272,LOWE LOWE LOWE,45,F,LOWELOWELOWE@yahoo.com,997-794-0356,5
0273,AAD-273,JENNINGS JENNIN,23,M,JENNINGSJENNINGSJENNINGS@techmango.com,692-437-0191,7
0274,AAD-274,BARNETT BARNETT,45,M,BARNETTBARNETTBARNETT@mookambikainfo.com,321-863-7345,2
0275,AAD-275,GRAVES GRAVES G,35,M,GRAVESGRAVESGRAVES@techmango.com,107-210-3342,6
0276,AAD-276,JIMENEZ JIMENEZ,25,F,JIMENEZJIMENEZJIMENEZ@hotmail.com,770-447-4796,0
0277,AAD-277,HORTON HORTON H,59,M,HORTONHORTONHORTON@mookambikainfo.com,991-578-7724,5
0278,AAD-278,SHELTON SHELTON,48,F,SHELTONSHELTONSHELTON@techmango.com,393-366-8056,5
0279,AAD-279,BARRETT BARRETT,19,F,BARRETTBARRETTBARRETT@techmango.com,343-212-5011,4
0280,AAD-280,OBRIEN OBRIEN O,42,M,OBRIENOBRIENOBRIEN@mookambikainfo.com,504-282-3988,5
0281,AAD-281,CASTRO CASTRO C,44,F,CASTROCASTROCASTRO@yahoo.com,380-477-4085,0
0282,AAD-282,SUTTON SUTTON S,44,M,SUTTONSUTTONSUTTON@mookambikainfo.com,319-797-3196,3
0283,AAD-283,GREGORY GREGORY,59,M,GREGORYGREGORYGREGORY@gmail.com,568-677-1659,1
0284,AAD-284,MCKINNEY MCKINN,48,F,MCKINNEYMCKINNEYMCKINNEY@techmango.com,602-183-1243,7
0285,AAD-285,LUCAS LUCAS LUC,14,M,LUCASLUCASLUCAS@mookambikainfo.com,157-067-5234,1
0286,AAD-286,MILES MILES MIL,58,F,MILESMILESMILES@hotmail.com,532-327-2038,1
0287,AAD-287,CRAIG CRAIG CRA,20,F,CRAIGCRAIGCRAIG@yahoo.com,781-721-5063,2
0288,AAD-288,RODRIQUEZ RODRI,36,M,RODRIQUEZRODRIQUEZRODRIQUEZ@techmango.com,250-561-3911,0
0289,AAD-289,CHAMBERS CHAMBE,51,M,CHAMBERSCHAMBERSCHAMBERS@gmail.com,424-213-1613,2
0290,AAD-290,HOLT HOLT HOLT,27,F,HOLTHOLTHOLT@mookambikainfo.com,203-460-0832,1
0291,AAD-291,LAMBERT LAMBERT,24,F,LAMBERTLAMBERTLAMBERT@hotmail.com,557-530-9200,3
0292,AAD-292,FLETCHER FLETCH,41,F,FLETCHERFLETCHERFLETCHER@mookambikainfo.com,706-344-3350,7
0293,AAD-293,WATTS WATTS WAT,21,M,WATTSWATTSWATTS@gmail.com,894-038-5762,2
0294,AAD-294,BATES BATES BAT,55,M,BATESBATESBATES@mookambikainfo.com,948-102-3073,4
0295,AAD-295,HALE HALE HALE,40,F,HALEHALEHALE@mookambikainfo.com,608-142-0652,0
0296,AAD-296,RHODES RHODES R,22,F,RHODESRHODESRHODES@yahoo.com,149-523-1433,7
0297,AAD-297,PENA PENA PENA,31,M,PENAPENAPENA@hotmail.com,970-869-9848,4
0298,AAD-298,BECK BECK BECK,47,M,BECKBECKBECK@yahoo.com,766-488-8704,7
0299,AAD-299,NEWMAN NEWMAN N,10,F,NEWMANNEWMANNEWMAN@gmail.com,467-373-0862,6
0300,AAD-300,HAYNES HAYNES H,17,M,HAYNESHAYNESHAYNES@hotmail.com,572-608-8275,2
0301,AAD-301,MCDANIEL MCDANI,34,M,MCDANIELMCDANIELMCDANIEL@mookambikainfo.com,202-668-7117,0
0302,AAD-302,MENDEZ MENDEZ M,34,F,MENDEZMENDEZMENDEZ@hotmail.com,961-787-6396,1
0303,AAD-303,BUSH BUSH BUSH,32,F,BUSHBUSHBUSH@techmango.com,742-429-2486,4
0304,AAD-304,VAUGHN VAUGHN V,21,M,VAUGHNVAUGHNVAUGHN@mookambikainfo.com,796-142-9894,3
0305,AAD-305,PARKS PARKS PAR,48,M,PARKSPARKSPARKS@techmango.com,991-792-9146,2
0306,AAD-306,DAWSON DAWSON D,29,F,DAWSONDAWSONDAWSON@hotmail.com,391-869-5792,4
0307,AAD-307,SANTIAGO SANTIA,39,M,SANTIAGOSANTIAGOSANTIAGO@techmango.com,555-563-1362,5
0308,AAD-308,NORRIS NORRIS N,11,F,NORRISNORRISNORRIS@mookambikainfo.com,911-511-5207,5
0309,AAD-309,HARDY HARDY HAR,31,F,HARDYHARDYHARDY@mookambikainfo.com,278-456-5682,7
0310,AAD-310,LOVE LOVE LOVE,31,F,LOVELOVELOVE@yahoo.com,100-009-4766,4
0311,AAD-311,STEELE STEELE S,28,F,STEELESTEELESTEELE@mookambikainfo.com,260-570-8915,0
0312,AAD-312,CURRY CURRY CUR,46,M,CURRYCURRYCURRY@techmango.com,640-858-4186,3
0313,AAD-313,POWERS POWERS P,49,F,POWERSPOWERSPOWERS@gmail.com,881-792-6376,0
0314,AAD-314,SCHULTZ SCHULTZ,53,M,SCHULTZSCHULTZSCHULTZ@yahoo.com,672-526-4566,7
0315,AAD-315,BARKER BARKER B,49,M,BARKERBARKERBARKER@techmango.com,404-068-0105,3
0316,AAD-316,GUZMAN GUZMAN G,37,M,GUZMANGUZMANGUZMAN@mookambikainfo.com,893-339-8206,3
0317,AAD-317,PAGE PAGE PAGE,50,F,PAGEPAGEPAGE@techmango.com,740-112-2884,2
0318,AAD-318,MUNOZ MUNOZ MUN,51,M,MUNOZMUNOZMUNOZ@gmail.com,354-224-1267,6
0319,AAD-319,BALL BALL BALL,44,M,BALLBALLBALL@gmail.com,451-720-1742,2
0320,AAD-320,KELLER KELLER K,58,F,KELLERKELLERKELLER@hotmail.com,520-385-5978,1
0321,AAD-321,CHANDLER CHANDL,10,F,CHANDLERCHANDLERCHANDLER@yahoo.com,995-715-5681,2
0322,AAD-322,WEBER WEBER WEB,16,F,WEBERWEBERWEBER@techmango.com,124-683-7228,3
0323,AAD-323,LEONARD LEONARD,48,M,LEONARDLEONARDLEONARD@yahoo.com,655-693-3046,3
0324,AAD-324,WALSH WALSH WAL,46,F,WALSHWALSHWALSH@mookambikainfo.com,779-752-2528,2
0325,AAD-325,LYONS LYONS LYO,14,F,LYONSLYONSLYONS@yahoo.com,976-726-7425,7
0326,AAD-326,RAMSEY RAMSEY R,24,M,RAMSEYRAMSEYRAMSEY@mookambikainfo.com,876-249-7970,7
0327,AAD-327,WOLFE WOLFE WOL,47,F,WOLFEWOLFEWOLFE@techmango.com,682-268-1339,1
0328,AAD-328,SCHNEIDER SCHNE,55,M,SCHNEIDERSCHNEIDERSCHNEIDER@mookambikainfo.com,479-195-7169,4
0329,AAD-329,MULLINS MULLINS,37,F,MULLINSMULLINSMULLINS@yahoo.com,352-144-7506,3
0330,AAD-330,BENSON BENSON B,23,F,BENSONBENSONBENSON@mookambikainfo.com,604-808-8552,5
0331,AAD-331,SHARP SHARP SHA,31,F,SHARPSHARPSHARP@yahoo.com,223-180-6211,7
0332,AAD-332,BOWEN BOWEN BOW,10,F,BOWENBOWENBOWEN@hotmail.com,789-290-5460,1
0333,AAD-333,DANIEL DANIEL D,55,M,DANIELDANIELDANIEL@techmango.com,716-348-0099,7
0334,AAD-334,BARBER BARBER B,41,F,BARBERBARBERBARBER@hotmail.com,636-386-3862,3
0335,AAD-335,CUMMINGS CUMMIN,37,M,CUMMINGSCUMMINGSCUMMINGS@mookambikainfo.com,118-377-7738,3
0336,AAD-336,HINES HINES HIN,17,F,HINESHINESHINES@yahoo.com,432-204-0054,1
0337,AAD-337,BALDWIN BALDWIN,35,F,BALDWINBALDWINBALDWIN@mookambikainfo.com,259-750-8475,1
0338,AAD-338,GRIFFITH GRIFFI,45,M,GRIFFITHGRIFFITHGRIFFITH@mookambikainfo.com,452-270-5997,7
0339,AAD-339,VALDEZ VALDEZ V,13,M,VALDEZVALDEZVALDEZ@yahoo.com,652-056-8278,2
0340,AAD-340,HUBBARD HUBBARD,29,M,HUBBARDHUBBARDHUBBARD@yahoo.com,987-328-8918,4
0341,AAD-341,SALAZAR SALAZAR,59,F,SALAZARSALAZARSALAZAR@yahoo.com,632-689-7824,6
0342,AAD-342,REEVES REEVES R,23,M,REEVESREEVESREEVES@hotmail.com,473-195-8864,6
0343,AAD-343,WARNER WARNER W,53,F,WARNERWARNERWARNER@techmango.com,716-341-4426,1
0344,AAD-344,STEVENSON STEVE,50,F,STEVENSONSTEVENSONSTEVENSON@techmango.com,898-535-7961,1
0345,AAD-345,BURGESS BURGESS,16,F,BURGESSBURGESSBURGESS@hotmail.com,920-650-2096,1
0346,AAD-346,SANTOS SANTOS S,57,F,SANTOSSANTOSSANTOS@hotmail.com,291-567-2202,6
0347,AAD-347,TATE TATE TATE,43,F,TATETATETATE@gmail.com,164-715-2841,2
0348,AAD-348,CROSS CROSS CRO,18,F,CROSSCROSSCROSS@yahoo.com,887-169-1317,2
0349,AAD-349,GARNER GARNER G,36,F,GARNERGARNERGARNER@mookambikainfo.com,103-849-4280,1
0350,AAD-350,MANN MANN MANN,41,F,MANNMANNMANN@gmail.com,368-618-4723,5
0351,AAD-351,MACK MACK MACK,46,M,MACKMACKMACK@gmail.com,844-854-6310,6
0352,AAD-352,MOSS MOSS MOSS,58,M,MOSSMOSSMOSS@hotmail.com,615-132-8210,6
0353,AAD-353,THORNTON THORNT,37,M,THORNTONTHORNTONTHORNTON@hotmail.com,461-296-6480,0
0354,AAD-354,DENNIS DENNIS D,11,F,DENNISDENNISDENNIS@hotmail.com,134-274-0326,5
0355,AAD-355,MCGEE MCGEE MCG,40,M,MCGEEMCGEEMCGEE@techmango.com,880-846-1403,0
0356,AAD-356,FARMER FARMER F,52,F,FARMERFARMERFARMER@hotmail.com,867-377-2249,1
0357,AAD-357,DELGADO DELGADO,59,F,DELGADODELGADODELGADO@techmango.com,430-115-1202,3
0358,AAD-358,AGUILAR AGUILAR,34,F,AGUILARAGUILARAGUILAR@techmango.com,190-473-3430,6
0359,AAD-359,VEGA VEGA VEGA,38,F,VEGAVEGAVEGA@hotmail.com,712-810-6092,7
0360,AAD-360,GLOVER GLOVER G,32,F,GLOVERGLOVERGLOVER@mookambikainfo.com,613-133-2182,2
0361,AAD-361,MANNING MANNING,17,M,MANNINGMANNINGMANNING@hotmail.com,429-514-8860,4
0362,AAD-362,COHEN COHEN COH,24,F,COHENCOHENCOHEN@techmango.com,517-133-8961,1
0363,AAD-363,HARMON HARMON H,15,M,HARMONHARMONHARMON@techmango.com,641-154-1352,5
0364,AAD-364,RODGERS RODGERS,21,F,RODGERSRODGERSRODGERS@mookambikainfo.com,708-814-0647,5
0365,AAD-365,ROBBINS ROBBINS,33,F,ROBBINSROBBINSROBBINS@hotmail.com,843-685-4550,6
0366,AAD-366,NEWTON NEWTON N,38,F,NEWTONNEWTONNEWTON@yahoo.com,482-199-8457,3
0367,AAD-367,TODD TODD TODD,44,F,TODDTODDTODD@techmango.com,124-735-5772,1
0368,AAD-368,BLAIR BLAIR BLA,20,M,BLAIRBLAIRBLAIR@hotmail.com,658-629-0136,3
0369,AAD-369,HIGGINS HIGGINS,35,M,HIGGINSHIGGINSHIGGINS@yahoo.com,245-613-5625,5
0370,AAD-370,INGRAM INGRAM I,37,M,INGRAMINGRAMINGRAM@mookambikainfo.com,907-548-2548,0
0371,AAD-371,REESE REESE REE,32,F,REESEREESEREESE@hotmail.com,849-585-3903,3
0372,AAD-372,CANNON CANNON C,50,F,CANNONCANNONCANNON@techmango.com,834-523-7325,7
0373,AAD-373,STRICKLAND STRI,56,F,STRICKLANDSTRICKLANDSTRICKLAND@hotmail.com,826-551-8504,2
0374,AAD-374,TOWNSEND TOWNSE,42,M,TOWNSENDTOWNSENDTOWNSEND@hotmail.com,761-230-7910,4
0375,AAD-375,POTTER POTTER P,16,M,POTTERPOTTERPOTTER@techmango.com,827-562-0323,3
0376,AAD-376,GOODWIN GOODWIN,33,F,GOODWINGOODWINGOODWIN@yahoo.com,448-849-3573,7
0377,AAD-377,WALTON WALTON W,50,M,WALTONWALTONWALTON@techmango.com,324-342-9150,0
0378,AAD-378,ROWE ROWE ROWE,51,F,ROWEROWEROWE@techmango.com,112-846-7113,1
0379,AAD-379,HAMPTON HAMPTON,12,F,HAMPTONHAMPTONHAMPTON@hotmail.com,414-442-5026,0
0380,AAD-380,ORTEGA ORTEGA O,42,M,ORTEGAORTEGAORTEGA@hotmail.com,243-353-6138,1
0381,AAD-381,PATTON PATTON P,15,F,PATTONPATTONPATTON@mookambikainfo.com,200-578-9769,1
0382,AAD-382,SWANSON SWANSON,59,M,SWANSONSWANSONSWANSON@techmango.com,827-718-7714,1
0383,AAD-383,JOSEPH JOSEPH J,29,M,JOSEPHJOSEPHJOSEPH@hotmail.com,961-510-1665,4
0384,AAD-384,FRANCIS FRANCIS,26,M,FRANCISFRANCISFRANCIS@mookambikainfo.com,378-773-2583,4
0385,AAD-385,GOODMAN GOODMAN,58,M,GOODMANGOODMANGOODMAN@mookambikainfo.com,372-011-0375,6
0386,AAD-386,MALDONADO MALDO,17,M,MALDONADOMALDONADOMALDONADO@yahoo.com,916-555-7694,6
0387,AAD-387,YATES YATES YAT,12,F,YATESYATESYATES@techmango.com,743-088-0011,7
0388,AAD-388,BECKER BECKER B,20,F,BECKERBECKERBECKER@mookambikainfo.com,897-523-5407,2
0389,AAD-389,ERICKSON ERICKS,41,M,ERICKSONERICKSONERICKSON@gmail.com,145-764-7253,6
0390,AAD-390,HODGES HODGES H,31,M,HODGESHODGESHODGES@yahoo.com,985-376-8785,1
0391,AAD-391,RIOS RIOS RIOS,40,M,RIOSRIOSRIOS@hotmail.com,277-219-3939,1
0392,AAD-392,CONNER CONNER C,11,M,CONNERCONNERCONNER@hotmail.com,973-647-0008,1
0393,AAD-393,ADKINS ADKINS A,10,F,ADKINSADKINSADKINS@yahoo.com,926-764-5964,5
0394,AAD-394,WEBSTER WEBSTER,26,F,WEBSTERWEBSTERWEBSTER@techmango.com,390-112-7791,4
0395,AAD-395,NORMAN NORMAN N,27,F,NORMANNORMANNORMAN@hotmail.com,368-551-6843,4
0396,AAD-396,MALONE MALONE M,55,M,MALONEMALONEMALONE@techmango.com,432-484-5076,2
0397,AAD-397,HAMMOND HAMMOND,34,M,HAMMONDHAMMONDHAMMOND@hotmail.com,873-854-3084,0
0398,AAD-398,FLOWERS FLOWERS,18,M,FLOWERSFLOWERSFLOWERS@gmail.com,788-063-5182,3
0399,AAD-399,COBB COBB COBB,41,M,COBBCOBBCOBB@yahoo.com,836-647-6517,3
0400,AAD-400,MOODY MOODY MOO,19,M,MOODYMOODYMOODY@hotmail.com,612-345-6934,4
0401,AAD-401,QUINN QUINN QUI,48,F,QUINNQUINNQUINN@hotmail.com,826-203-4047,7
0402,AAD-402,BLAKE BLAKE BLA,19,F,BLAKEBLAKEBLAKE@yahoo.com,706-754-2376,2
0403,AAD-403,MAXWELL MAXWELL,56,F,MAXWELLMAXWELLMAXWELL@gmail.com,690-011-3158,6
0404,AAD-404,POPE POPE POPE,15,M,POPEPOPEPOPE@mookambikainfo.com,931-401-0019,1
0405,AAD-405,FLOYD FLOYD FLO,37,M,FLOYDFLOYDFLOYD@gmail.com,376-744-3698,4
0406,AAD-406,OSBORNE OSBORNE,56,M,OSBORNEOSBORNEOSBORNE@mookambikainfo.com,298-211-4679,2
0407,AAD-407,PAUL PAUL PAUL,43,F,PAULPAULPAUL@mookambikainfo.com,636-741-5058,4
0408,AAD-408,MCCARTHY MCCART,53,F,MCCARTHYMCCARTHYMCCARTHY@gmail.com,759-605-5271,0
0409,AAD-409,GUERRERO GUERRE,18,F,GUERREROGUERREROGUERRERO@hotmail.com,787-530-6829,4
0410,AAD-410,LINDSEY LINDSEY,26,M,LINDSEYLINDSEYLINDSEY@hotmail.com,635-282-1161,5
0411,AAD-411,ESTRADA ESTRADA,59,M,ESTRADAESTRADAESTRADA@hotmail.com,494-197-0171,0
0412,AAD-412,SANDOVAL SANDOV,53,F,SANDOVALSANDOVALSANDOVAL@yahoo.com,778-293-3528,5
0413,AAD-413,GIBBS GIBBS GIB,28,F,GIBBSGIBBSGIBBS@gmail.com,228-335-9311,0
0414,AAD-414,TYLER TYLER TYL,49,F,TYLERTYLERTYLER@hotmail.com,560-251-4353,6
0415,AAD-415,GROSS GROSS GRO,47,F,GROSSGROSSGROSS@mookambikainfo.com,343-529-5740,5
0416,AAD-416,FITZGERALD FITZ,58,F,FITZGERALDFITZGERALDFITZGERALD@techmango.com,736-037-2671,1
0417,AAD-417,STOKES STOKES S,55,F,STOKESSTOKESSTOKES@gmail.com,113-722-0835,2
0418,AAD-418,DOYLE DOYLE DOY,28,M,DOYLEDOYLEDOYLE@gmail.com,398-366-1783,6
0419,AAD-419,SHERMAN SHERMAN,40,F,SHERMANSHERMANSHERMAN@mookambikainfo.com,706-250-6967,4
0420,AAD-420,SAUNDERS SAUNDE,40,F,SAUNDERSSAUNDERSSAUNDERS@mookambikainfo.com,342-038-1605,4
0421,AAD-421,WISE WISE WISE,59,F,WISEWISEWISE@yahoo.com,415-797-4613,7
0422,AAD-422,COLON COLON COL,16,M,COLONCOLONCOLON@yahoo.com,930-446-0980,5
0423,AAD-423,GILL GILL GILL,18,F,GILLGILLGILL@gmail.com,115-529-3900,5
0424,AAD-424,ALVARADO ALVARA,43,M,ALVARADOALVARADOALVARADO@hotmail.com,706-245-2556,0
0425,AAD-425,GREER GREER GRE,58,M,GREERGREERGREER@gmail.com,687-436-1466,2
0426,AAD-426,PADILLA PADILLA,22,M,PADILLAPADILLAPADILLA@techmango.com,424-765-2776,3
0427,AAD-427,SIMON SIMON SIM,25,M,SIMONSIMONSIMON@yahoo.com,327-263-2977,2
0428,AAD-428,WATERS WATERS W,10,M,WATERSWATERSWATERS@hotmail.com,443-216-9448,2
0429,AAD-429,NUNEZ NUNEZ NUN,21,M,NUNEZNUNEZNUNEZ@yahoo.com,879-065-2878,5
0430,AAD-430,BALLARD BALLARD,25,M,BALLARDBALLARDBALLARD@hotmail.com,341-480-9246,3
0431,AAD-431,SCHWARTZ SCHWAR,51,M,SCHWARTZSCHWARTZSCHWARTZ@yahoo.com,623-104-2124,5
0432,AAD-432,MCBRIDE MCBRIDE,17,F,MCBRIDEMCBRIDEMCBRIDE@yahoo.com,675-290-3545,3
0433,AAD-433,HOUSTON HOUSTON,33,M,HOUSTONHOUSTONHOUSTON@techmango.com,197-549-7519,3
0434,AAD-434,CHRISTENSEN CHR,57,M,CHRISTENSENCHRISTENSENCHRISTENSEN@techmango.com,490-205-1036,2
0435,AAD-435,KLEIN KLEIN KLE,14,M,KLEINKLEINKLEIN@techmango.com,740-017-7832,6
0436,AAD-436,PRATT PRATT PRA,52,F,PRATTPRATTPRATT@techmango.com,981-804-1740,0
0437,AAD-437,BRIGGS BRIGGS B,32,F,BRIGGSBRIGGSBRIGGS@gmail.com,552-091-7800,2
0438,AAD-438,PARSONS PARSONS,16,F,PARSONSPARSONSPARSONS@gmail.com,979-102-6848,0
0439,AAD-439,MCLAUGHLIN MCLA,52,M,MCLAUGHLINMCLAUGHLINMCLAUGHLIN@techmango.com,602-200-0065,3
0440,AAD-440,ZIMMERMAN ZIMME,36,F,ZIMMERMANZIMMERMANZIMMERMAN@gmail.com,411-007-0804,0
0441,AAD-441,FRENCH FRENCH F,28,F,FRENCHFRENCHFRENCH@mookambikainfo.com,962-124-1535,7
0442,AAD-442,BUCHANAN BUCHAN,15,F,BUCHANANBUCHANANBUCHANAN@mookambikainfo.com,302-078-4887,7
0443,AAD-443,MORAN MORAN MOR,16,F,MORANMORANMORAN@techmango.com,666-114-2846,0
0444,AAD-444,COPELAND COPELA,32,M,COPELANDCOPELANDCOPELAND@mookambikainfo.com,698-439-0313,4
0445,AAD-445,ROY ROY ROY,20,M,ROYROYROY@techmango.com,328-783-5239,3
0446,AAD-446,PITTMAN PITTMAN,10,F,PITTMANPITTMANPITTMAN@mookambikainfo.com,683-676-6882,7
0447,AAD-447,BRADY BRADY BRA,48,F,BRADYBRADYBRADY@techmango.com,931-783-2733,7
0448,AAD-448,MCCORMICK MCCOR,54,F,MCCORMICKMCCORMICKMCCORMICK@gmail.com,310-656-8097,5
0449,AAD-449,HOLLOWAY HOLLOW,37,M,HOLLOWAYHOLLOWAYHOLLOWAY@hotmail.com,702-309-1046,3
0450,AAD-450,BROCK BROCK BRO,35,F,BROCKBROCKBROCK@mookambikainfo.com,971-886-8198,1
0451,AAD-451,POOLE POOLE POO,41,F,POOLEPOOLEPOOLE@yahoo.com,806-766-8857,5
0452,AAD-452,FRANK FRANK FRA,43,F,FRANKFRANKFRANK@techmango.com,315-723-2085,0
0453,AAD-453,LOGAN LOGAN LOG,38,M,LOGANLOGANLOGAN@hotmail.com,495-294-0908,3
0454,AAD-454,OWEN OWEN OWEN,15,F,OWENOWENOWEN@yahoo.com,315-770-9596,3
0455,AAD-455,BASS BASS BASS,45,F,BASSBASSBASS@techmango.com,999-163-4583,3
0456,AAD-456,MARSH MARSH MAR,21,F,MARSHMARSHMARSH@gmail.com,178-204-0914,3
0457,AAD-457,DRAKE DRAKE DRA,38,M,DRAKEDRAKEDRAKE@yahoo.com,897-820-9958,2
0458,AAD-458,WONG WONG WONG,25,M,WONGWONGWONG@gmail.com,742-489-6108,7
0459,AAD-459,JEFFERSON JEFFE,45,F,JEFFERSONJEFFERSONJEFFERSON@mookambikainfo.com,831-324-1996,3
0460,AAD-460,PARK PARK PARK,53,M,PARKPARKPARK@hotmail.com,750-110-1304,5
0461,AAD-461,MORTON MORTON M,18,F,MORTONMORTONMORTON@techmango.com,687-123-7840,0
0462,AAD-462,ABBOTT ABBOTT A,19,M,ABBOTTABBOTTABBOTT@hotmail.com,673-213-1838,0
0463,AAD-463,SPARKS SPARKS S,10,M,SPARKSSPARKSSPARKS@techmango.com,721-741-3378,1
0464,AAD-464,PATRICK PATRICK,34,F,PATRICKPATRICKPATRICK@mookambikainfo.com,596-883-5857,3
0465,AAD-465,NORTON NORTON N,27,F,NORTONNORTONNORTON@gmail.com,477-572-5607,0
0466,AAD-466,HUFF HUFF HUFF,18,F,HUFFHUFFHUFF@yahoo.com,989-281-4689,1
0467,AAD-467,CLAYTON CLAYTON,16,F,CLAYTONCLAYTONCLAYTON@hotmail.com,173-481-0151,1
0468,AAD-468,MASSEY MASSEY M,28,F,MASSEYMASSEYMASSEY@mookambikainfo.com,313-181-2520,5
0469,AAD-469,LLOYD LLOYD LLO,38,F,LLOYDLLOYDLLOYD@hotmail.com,285-841-3618,6
0470,AAD-470,FIGUEROA FIGUER,45,F,FIGUEROAFIGUEROAFIGUEROA@techmango.com,847-620-1808,2
0471,AAD-471,CARSON CARSON C,12,M,CARSONCARSONCARSON@hotmail.com,439-824-7669,3
0472,AAD-472,BOWERS BOWERS B,45,M,BOWERSBOWERSBOWERS@gmail.com,312-042-1859,4
0473,AAD-473,ROBERSON ROBERS,52,M,ROBERSONROBERSONROBERSON@mookambikainfo.com,110-318-1492,1
0474,AAD-474,BARTON BARTON B,53,F,BARTONBARTONBARTON@yahoo.com,808-152-8840,4
0475,AAD-475,TRAN TRAN TRAN,45,M,TRANTRANTRAN@yahoo.com,392-571-3150,1
0476,AAD-476,LAMB LAMB LAMB,43,M,LAMBLAMBLAMB@hotmail.com,719-172-2435,3
0477,AAD-477,HARRINGTON HARR,54,F,HARRINGTONHARRINGTONHARRINGTON@yahoo.com,646-115-1745,2
0478,AAD-478,CASEY CASEY CAS,43,M,CASEYCASEYCASEY@mookambikainfo.com,956-420-9053,6
0479,AAD-479,BOONE BOONE BOO,24,F,BOONEBOONEBOONE@gmail.com,613-141-8991,2
0480,AAD-480,CORTEZ CORTEZ C,35,F,CORTEZCORTEZCORTEZ@techmango.com,805-775-1495,6
0481,AAD-481,CLARKE CLARKE C,49,F,CLARKECLARKECLARKE@mookambikainfo.com,236-010-7130,0
0482,AAD-482,MATHIS MATHIS M,27,M,MATHISMATHISMATHIS@techmango.com,422-603-5912,1
0483,AAD-483,SINGLETON SINGL,38,F,SINGLETONSINGLETONSINGLETON@gmail.com,221-631-6307,7
0484,AAD-484,WILKINS WILKINS,25,F,WILKINSWILKINSWILKINS@gmail.com,844-200-9250,0
0485,AAD-485,CAIN CAIN CAIN,29,M,CAINCAINCAIN@mookambikainfo.com,568-847-3440,2
0486,AAD-486,BRYAN BRYAN BRY,36,M,BRYANBRYANBRYAN@yahoo.com,990-268-4869,7
0487,AAD-487,UNDERWOOD UNDER,55,F,UNDERWOODUNDERWOODUNDERWOOD@hotmail.com,860-418-8102,1
0488,AAD-488,HOGAN HOGAN HOG,42,F,HOGANHOGANHOGAN@gmail.com,142-559-7209,6
0489,AAD-489,MCKENZIE MCKENZ,39,M,MCKENZIEMCKENZIEMCKENZIE@hotmail.com,342-744-7488,5
0490,AAD-490,COLLIER COLLIER,21,F,COLLIERCOLLIERCOLLIER@techmango.com,490-395-6320,0
0491,AAD-491,LUNA LUNA LUNA,49,F,LUNALUNALUNA@hotmail.com,203-219-0520,2
0492,AAD-492,PHELPS PHELPS P,25,F,PHELPSPHELPSPHELPS@gmail.com,476-030-6426,3
0493,AAD-493,MCGUIRE MCGUIRE,28,M,MCGUIREMCGUIREMCGUIRE@gmail.com,453-698-5797,2
0494,AAD-494,ALLISON ALLISON,35,F,ALLISONALLISONALLISON@gmail.com,167-857-3402,3
0495,AAD-495,BRIDGES BRIDGES,26,M,BRIDGESBRIDGESBRIDGES@hotmail.com,427-710-3011,5
0496,AAD-496,WILKERSON WILKE,57,M,WILKERSONWILKERSONWILKERSON@yahoo.com,702-810-4727,5
0497,AAD-497,NASH NASH NASH,49,F,NASHNASHNASH@yahoo.com,457-350-3982,1
0498,AAD-498,SUMMERS SUMMERS,29,F,SUMMERSSUMMERSSUMMERS@yahoo.com,578-346-9628,4
0499,AAD-499,ATKINS ATKINS A,56,M,ATKINSATKINSATKINS@gmail.com,523-876-1980,4
0500,AAD-500,WILCOX WILCOX W,44,M,WILCOXWILCOXWILCOX@gmail.com,827-703-4451,3
0501,AAD-501,PITTS PITTS PIT,45,F,PITTSPITTSPITTS@techmango.com,399-181-1142,4
0502,AAD-502,CONLEY CONLEY C,13,F,CONLEYCONLEYCONLEY@gmail.com,283-882-7340,3
0503,AAD-503,MARQUEZ MARQUEZ,58,F,MARQUEZMARQUEZMARQUEZ@techmango.com,630-876-9480,7
0504,AAD-504,BURNETT BURNETT,49,M,BURNETTBURNETTBURNETT@gmail.com,242-416-5072,6
0505,AAD-505,RICHARD RICHARD,15,F,RICHARDRICHARDRICHARD@hotmail.com,933-675-4051,1
0506,AAD-506,COCHRAN COCHRAN,54,M,COCHRANCOCHRANCOCHRAN@yahoo.com,271-758-4901,5
0507,AAD-507,CHASE CHASE CHA,37,F,CHASECHASECHASE@yahoo.com,580-199-2950,7
0508,AAD-508,DAVENPORT DAVEN,36,M,DAVENPORTDAVENPORTDAVENPORT@hotmail.com,723-630-1691,2
0509,AAD-509,HOOD HOOD HOOD,26,M,HOODHOODHOOD@gmail.com,735-415-3887,4
0510,AAD-510,GATES GATES GAT,35,F,GATESGATESGATES@yahoo.com,779-221-1716,2
0511,AAD-511,CLAY CLAY CLAY,34,F,CLAYCLAYCLAY@gmail.com,387-525-5815,6
0512,AAD-512,AYALA AYALA AYA,21,M,AYALAAYALAAYALA@mookambikainfo.com,821-404-8284,2
0513,AAD-513,SAWYER SAWYER S,52,M,SAWYERSAWYERSAWYER@techmango.com,460-791-0818,2
0514,AAD-514,ROMAN ROMAN ROM,28,M,ROMANROMANROMAN@mookambikainfo.com,834-695-2122,3
0515,AAD-515,VAZQUEZ VAZQUEZ,20,F,VAZQUEZVAZQUEZVAZQUEZ@gmail.com,107-171-1029,7
0516,AAD-516,DICKERSON DICKE,52,M,DICKERSONDICKERSONDICKERSON@hotmail.com,154-376-4541,7
0517,AAD-517,HODGE HODGE HOD,52,F,HODGEHODGEHODGE@yahoo.com,133-881-7750,3
0518,AAD-518,ACOSTA ACOSTA A,34,M,ACOSTAACOSTAACOSTA@techmango.com,728-406-0025,6
0519,AAD-519,FLYNN FLYNN FLY,23,F,FLYNNFLYNNFLYNN@techmango.com,197-117-2669,5
0520,AAD-520,ESPINOZA ESPINO,45,F,ESPINOZAESPINOZAESPINOZA@hotmail.com,574-358-0485,3
0521,AAD-521,NICHOLSON NICHO,15,F,NICHOLSONNICHOLSONNICHOLSON@yahoo.com,626-607-8783,3
0522,AAD-522,MONROE MONROE M,10,F,MONROEMONROEMONROE@techmango.com,665-363-0021,4
0523,AAD-523,WOLF WOLF WOLF,40,F,WOLFWOLFWOLF@techmango.com,293-264-2592,6
0524,AAD-524,MORROW MORROW M,20,M,MORROWMORROWMORROW@mookambikainfo.com,491-868-1263,4
0525,AAD-525,KIRK KIRK KIRK,34,M,KIRKKIRKKIRK@gmail.com,874-480-8991,6
0526,AAD-526,RANDALL RANDALL,18,M,RANDALLRANDALLRANDALL@techmango.com,936-662-7184,4
0527,AAD-527,ANTHONY ANTHONY,37,F,ANTHONYANTHONYANTHONY@hotmail.com,131-657-3294,7
0528,AAD-528,WHITAKER WHITAK,20,F,WHITAKERWHITAKERWHITAKER@techmango.com,813-558-5123,4
0529,AAD-529,OCONNOR OCONNOR,26,M,OCONNOROCONNOROCONNOR@gmail.com,340-780-1058,4
0530,AAD-530,SKINNER SKINNER,25,F,SKINNERSKINNERSKINNER@techmango.com,790-383-6183,4
0531,AAD-531,WARE WARE WARE,55,M,WAREWAREWARE@yahoo.com,128-557-3604,4
0532,AAD-532,MOLINA MOLINA M,54,M,MOLINAMOLINAMOLINA@gmail.com,928-151-3944,1
0533,AAD-533,KIRBY KIRBY KIR,44,F,KIRBYKIRBYKIRBY@mookambikainfo.com,596-667-8152,4
0534,AAD-534,HUFFMAN HUFFMAN,34,F,HUFFMANHUFFMANHUFFMAN@techmango.com,417-238-4448,2
0535,AAD-535,BRADFORD BRADFO,49,M,BRADFORDBRADFORDBRADFORD@yahoo.com,788-710-8633,6
0536,AAD-536,CHARLES CHARLES,44,M,CHARLESCHARLESCHARLES@yahoo.com,472-014-4886,7
0537,AAD-537,GILMORE GILMORE,32,F,GILMOREGILMOREGILMORE@techmango.com,698-614-7378,7
0538,AAD-538,DOMINGUEZ DOMIN,42,M,DOMINGUEZDOMINGUEZDOMINGUEZ@mookambikainfo.com,571-058-9327,5
0539,AAD-539,ONEAL ONEAL ONE,10,M,ONEALONEALONEAL@techmango.com,340-059-1462,6
0540,AAD-540,BRUCE BRUCE BRU,15,M,BRUCEBRUCEBRUCE@techmango.com,521-269-0481,6
0541,AAD-541,LANG LANG LANG,32,M,LANGLANGLANG@yahoo.com,213-612-5039,6
0542,AAD-542,COMBS COMBS COM,46,M,COMBSCOMBSCOMBS@yahoo.com,512-827-4734,7
0543,AAD-543,KRAMER KRAMER K,14,M,KRAMERKRAMERKRAMER@yahoo.com,398-094-1248,0
0544,AAD-544,HEATH HEATH HEA,24,M,HEATHHEATHHEATH@techmango.com,648-412-5756,6
0545,AAD-545,HANCOCK HANCOCK,56,M,HANCOCKHANCOCKHANCOCK@yahoo.com,227-781-4918,2
0546,AAD-546,GALLAGHER GALLA,26,M,GALLAGHERGALLAGHERGALLAGHER@techmango.com,415-519-8190,0
0547,AAD-547,GAINES GAINES G,32,F,GAINESGAINESGAINES@hotmail.com,544-859-4534,5
0548,AAD-548,SHAFFER SHAFFER,14,F,SHAFFERSHAFFERSHAFFER@mookambikainfo.com,869-231-1979,0
0549,AAD-549,SHORT SHORT SHO,10,M,SHORTSHORTSHORT@hotmail.com,236-857-8579,0
0550,AAD-550,WIGGINS WIGGINS,33,M,WIGGINSWIGGINSWIGGINS@yahoo.com,835-846-2950,1
0551,AAD-551,MATHEWS MATHEWS,29,M,MATHEWSMATHEWSMATHEWS@yahoo.com,985-089-4429,3
0552,AAD-552,MCCLAIN MCCLAIN,44,F,MCCLAINMCCLAINMCCLAIN@hotmail.com,647-123-3185,3
0553,AAD-553,FISCHER FISCHER,31,M,FISCHERFISCHERFISCHER@gmail.com,880-672-3813,2
0554,AAD-554,WALL WALL WALL,34,M,WALLWALLWALL@techmango.com,620-185-9776,0
0555,AAD-555,SMALL SMALL SMA,18,F,SMALLSMALLSMALL@hotmail.com,493-438-5250,0
0556,AAD-556,MELTON MELTON M,31,F,MELTONMELTONMELTON@gmail.com,993-658-2030,6
0557,AAD-557,HENSLEY HENSLEY,30,M,HENSLEYHENSLEYHENSLEY@techmango.com,596-090-1059,1
0558,AAD-558,BOND BOND BOND,15,M,BONDBONDBOND@techmango.com,327-021-6568,5
0559,AAD-559,DYER DYER DYER,38,M,DYERDYERDYER@techmango.com,711-085-3148,5
0560,AAD-560,CAMERON CAMERON,10,M,CAMERONCAMERONCAMERON@gmail.com,889-451-5573,5
0561,AAD-561,GRIMES GRIMES G,50,F,GRIMESGRIMESGRIMES@techmango.com,787-251-2228,6
0562,AAD-562,CONTRERAS CONTR,34,M,CONTRERASCONTRERASCONTRERAS@hotmail.com,349-052-0892,3
0563,AAD-563,CHRISTIAN CHRIS,48,M,CHRISTIANCHRISTIANCHRISTIAN@hotmail.com,161-855-0909,0
0564,AAD-564,WYATT WYATT WYA,19,M,WYATTWYATTWYATT@yahoo.com,845-741-8738,2
0565,AAD-565,BAXTER BAXTER B,41,M,BAXTERBAXTERBAXTER@gmail.com,142-387-7579,0
0566,AAD-566,SNOW SNOW SNOW,51,M,SNOWSNOWSNOW@yahoo.com,317-473-7692,4
0567,AAD-567,MOSLEY MOSLEY M,39,F,MOSLEYMOSLEYMOSLEY@hotmail.com,307-091-4969,7
0568,AAD-568,SHEPHERD SHEPHE,31,M,SHEPHERDSHEPHERDSHEPHERD@gmail.com,722-186-7386,7
0569,AAD-569,LARSEN LARSEN L,32,M,LARSENLARSENLARSEN@gmail.com,224-440-9054,6
0570,AAD-570,HOOVER HOOVER H,27,M,HOOVERHOOVERHOOVER@gmail.com,132-620-5266,2
0571,AAD-571,BEASLEY BEASLEY,32,F,BEASLEYBEASLEYBEASLEY@hotmail.com,387-832-0502,7
0572,AAD-572,GLENN GLENN GLE,12,M,GLENNGLENNGLENN@yahoo.com,590-297-5393,5
0573,AAD-573,PETERSEN PETERS,39,M,PETERSENPETERSENPETERSEN@mookambikainfo.com,544-796-8378,5
0574,AAD-574,WHITEHEAD WHITE,15,M,WHITEHEADWHITEHEADWHITEHEAD@hotmail.com,655-665-2126,5
0575,AAD-575,MEYERS MEYERS M,55,F,MEYERSMEYERSMEYERS@techmango.com,707-652-6179,3
0576,AAD-576,KEITH KEITH KEI,21,M,KEITHKEITHKEITH@mookambikainfo.com,659-792-2485,0
0577,AAD-577,GARRISON GARRIS,55,M,GARRISONGARRISONGARRISON@yahoo.com,601-190-7126,2
0578,AAD-578,VINCENT VINCENT,35,F,VINCENTVINCENTVINCENT@hotmail.com,531-145-2269,6
0579,AAD-579,SHIELDS SHIELDS,14,F,SHIELDSSHIELDSSHIELDS@hotmail.com,667-119-0726,1
0580,AAD-580,HORN HORN HORN,26,M,HORNHORNHORN@mookambikainfo.com,246-702-2762,4
0581,AAD-581,SAVAGE SAVAGE S,34,F,SAVAGESAVAGESAVAGE@gmail.com,182-753-7679,7
0582,AAD-582,OLSEN OLSEN OLS,39,F,OLSENOLSENOLSEN@yahoo.com,444-760-0897,0
0583,AAD-583,SCHROEDER SCHRO,56,F,SCHROEDERSCHROEDERSCHROEDER@yahoo.com,649-290-0249,5
0584,AAD-584,HARTMAN HARTMAN,41,F,HARTMANHARTMANHARTMAN@gmail.com,636-637-3325,1
0585,AAD-585,WOODARD WOODARD,45,M,WOODARDWOODARDWOODARD@mookambikainfo.com,889-387-9543,0
0586,AAD-586,MUELLER MUELLER,53,M,MUELLERMUELLERMUELLER@yahoo.com,934-344-3401,1
0587,AAD-587,KEMP KEMP KEMP,45,M,KEMPKEMPKEMP@hotmail.com,879-344-2452,3
0588,AAD-588,DELEON DELEON D,22,M,DELEONDELEONDELEON@gmail.com,258-847-2534,4
0589,AAD-589,BOOTH BOOTH BOO,13,F,BOOTHBOOTHBOOTH@gmail.com,261-235-0487,7
0590,AAD-590,PATEL PATEL PAT,39,M,PATELPATELPATEL@yahoo.com,920-056-0635,2
0591,AAD-591,CALHOUN CALHOUN,47,F,CALHOUNCALHOUNCALHOUN@gmail.com,652-229-4546,4
0592,AAD-592,WILEY WILEY WIL,10,M,WILEYWILEYWILEY@yahoo.com,922-249-1374,2
0593,AAD-593,EATON EATON EAT,20,F,EATONEATONEATON@mookambikainfo.com,156-557-1169,4
0594,AAD-594,CLINE CLINE CLI,20,F,CLINECLINECLINE@yahoo.com,411-384-7701,5
0595,AAD-595,NAVARRO NAVARRO,37,M,NAVARRONAVARRONAVARRO@techmango.com,552-721-1202,1
0596,AAD-596,HARRELL HARRELL,58,M,HARRELLHARRELLHARRELL@gmail.com,525-459-5314,0
0597,AAD-597,LESTER LESTER L,31,M,LESTERLESTERLESTER@gmail.com,689-318-2413,2
0598,AAD-598,HUMPHREY HUMPHR,47,M,HUMPHREYHUMPHREYHUMPHREY@hotmail.com,862-021-0987,6
0599,AAD-599,PARRISH PARRISH,55,F,PARRISHPARRISHPARRISH@hotmail.com,991-827-1432,5
0600,AAD-600,DURAN DURAN DUR,13,M,DURANDURANDURAN@yahoo.com,739-650-1765,0
0601,AAD-601,HUTCHINSON HUTC,31,F,HUTCHINSONHUTCHINSONHUTCHINSON@mookambikainfo.com,791-836-1915,4
0602,AAD-602,HESS HESS HESS,54,M,HESSHESSHESS@yahoo.com,173-640-2252,6
0603,AAD-603,DORSEY DORSEY D,49,M,DORSEYDORSEYDORSEY@mookambikainfo.com,908-184-0570,6
0604,AAD-604,BULLOCK BULLOCK,20,F,BULLOCKBULLOCKBULLOCK@mookambikainfo.com,724-433-5243,6
0605,AAD-605,ROBLES ROBLES R,21,M,ROBLESROBLESROBLES@yahoo.com,861-184-0204,3
0606,AAD-606,BEARD BEARD BEA,40,F,BEARDBEARDBEARD@gmail.com,319-682-9395,3
0607,AAD-607,DALTON DALTON D,37,F,DALTONDALTONDALTON@gmail.com,301-803-0246,7
0608,AAD-608,AVILA AVILA AVI,33,F,AVILAAVILAAVILA@hotmail.com,928-564-3145,0
0609,AAD-609,VANCE VANCE VAN,59,F,VANCEVANCEVANCE@gmail.com,981-752-4722,5
0610,AAD-610,RICH RICH RICH,46,F,RICHRICHRICH@gmail.com,998-426-9789,0
0611,AAD-611,BLACKWELL BLACK,43,F,BLACKWELLBLACKWELLBLACKWELL@gmail.com,326-377-6218,6
0612,AAD-612,YORK YORK YORK,53,M,YORKYORKYORK@yahoo.com,347-667-5309,7
0613,AAD-613,JOHNS JOHNS JOH,31,F,JOHNSJOHNSJOHNS@hotmail.com,315-111-1097,1
0614,AAD-614,BLANKENSHIP BLA,51,F,BLANKENSHIPBLANKENSHIPBLANKENSHIP@gmail.com,639-340-2339,7
0615,AAD-615,TREVINO TREVINO,34,M,TREVINOTREVINOTREVINO@yahoo.com,687-330-1763,5
0616,AAD-616,SALINAS SALINAS,11,F,SALINASSALINASSALINAS@yahoo.com,295-197-6660,4
0617,AAD-617,CAMPOS CAMPOS C,10,M,CAMPOSCAMPOSCAMPOS@techmango.com,871-003-3153,6
0618,AAD-618,PRUITT PRUITT P,46,F,PRUITTPRUITTPRUITT@hotmail.com,130-741-5152,5
0619,AAD-619,MOSES MOSES MOS,36,M,MOSESMOSESMOSES@yahoo.com,232-817-8086,5
0620,AAD-620,CALLAHAN CALLAH,26,M,CALLAHANCALLAHANCALLAHAN@techmango.com,387-291-8356,5
0621,AAD-621,GOLDEN GOLDEN G,14,M,GOLDENGOLDENGOLDEN@mookambikainfo.com,950-166-5859,5
0622,AAD-622,MONTOYA MONTOYA,42,M,MONTOYAMONTOYAMONTOYA@mookambikainfo.com,432-408-1192,7
0623,AAD-623,HARDIN HARDIN H,21,F,HARDINHARDINHARDIN@hotmail.com,740-794-6068,5
0624,AAD-624,GUERRA GUERRA G,45,M,GUERRAGUERRAGUERRA@yahoo.com,844-630-0406,5
0625,AAD-625,MCDOWELL MCDOWE,36,F,MCDOWELLMCDOWELLMCDOWELL@yahoo.com,419-272-2693,0
0626,AAD-626,CAREY CAREY CAR,16,M,CAREYCAREYCAREY@techmango.com,153-049-3008,3
0627,AAD-627,STAFFORD STAFFO,37,M,STAFFORDSTAFFORDSTAFFORD@techmango.com,886-858-3474,5
0628,AAD-628,GALLEGOS GALLEG,52,M,GALLEGOSGALLEGOSGALLEGOS@gmail.com,498-126-3348,5
0629,AAD-629,HENSON HENSON H,52,F,HENSONHENSONHENSON@yahoo.com,633-576-6120,5
0630,AAD-630,WILKINSON WILKI,13,F,WILKINSONWILKINSONWILKINSON@gmail.com,186-088-3056,3
0631,AAD-631,BOOKER BOOKER B,51,M,BOOKERBOOKERBOOKER@mookambikainfo.com,955-030-7356,3
0632,AAD-632,MERRITT MERRITT,50,F,MERRITTMERRITTMERRITT@gmail.com,621-193-0967,1
0633,AAD-633,MIRANDA MIRANDA,50,M,MIRANDAMIRANDAMIRANDA@hotmail.com,312-561-9716,4
0634,AAD-634,ATKINSON ATKINS,43,F,ATKINSONATKINSONATKINSON@hotmail.com,999-589-0995,5
0635,AAD-635,ORR ORR ORR,28,F,ORRORRORR@gmail.com,332-240-6958,7
0636,AAD-636,DECKER DECKER D,19,F,DECKERDECKERDECKER@yahoo.com,831-873-1212,7
0637,AAD-637,HOBBS HOBBS HOB,55,F,HOBBSHOBBSHOBBS@mookambikainfo.com,369-113-6796,5
0638,AAD-638,PRESTON PRESTON,26,M,PRESTONPRESTONPRESTON@mookambikainfo.com,403-531-3222,5
0639,AAD-639,TANNER TANNER T,12,F,TANNERTANNERTANNER@hotmail.com,648-802-6893,7
0640,AAD-640,KNOX KNOX KNOX,30,M,KNOXKNOXKNOX@techmango.com,571-596-5527,1
0641,AAD-641,PACHECO PACHECO,55,M,PACHECOPACHECOPACHECO@gmail.com,122-527-9293,7
0642,AAD-642,STEPHENSON STEP,38,M,STEPHENSONSTEPHENSONSTEPHENSON@gmail.com,283-572-2826,6
0643,AAD-643,GLASS GLASS GLA,33,F,GLASSGLASSGLASS@gmail.com,917-545-3713,3
0644,AAD-644,ROJAS ROJAS ROJ,52,F,ROJASROJASROJAS@gmail.com,488-312-8189,7
0645,AAD-645,SERRANO SERRANO,29,M,SERRANOSERRANOSERRANO@gmail.com,562-152-9312,0
0646,AAD-646,MARKS MARKS MAR,33,F,MARKSMARKSMARKS@hotmail.com,185-458-9519,3
0647,AAD-647,HICKMAN HICKMAN,17,M,HICKMANHICKMANHICKMAN@yahoo.com,931-392-3966,3
0648,AAD-648,ENGLISH ENGLISH,24,F,ENGLISHENGLISHENGLISH@yahoo.com,353-323-3801,3
0649,AAD-649,SWEENEY SWEENEY,21,M,SWEENEYSWEENEYSWEENEY@techmango.com,755-445-1882,7
0650,AAD-650,STRONG STRONG S,56,M,STRONGSTRONGSTRONG@yahoo.com,554-653-0914,6
0651,AAD-651,PRINCE PRINCE P,24,M,PRINCEPRINCEPRINCE@gmail.com,212-410-3770,6
0652,AAD-652,MCCLURE MCCLURE,24,F,MCCLUREMCCLUREMCCLURE@gmail.com,216-685-3639,1
0653,AAD-653,CONWAY CONWAY C,59,M,CONWAYCONWAYCONWAY@yahoo.com,200-823-3621,7
0654,AAD-654,WALTER WALTER W,47,M,WALTERWALTERWALTER@yahoo.com,830-354-3450,0
0655,AAD-655,ROTH ROTH ROTH,46,M,ROTHROTHROTH@hotmail.com,800-385-9909,1
0656,AAD-656,MAYNARD MAYNARD,25,F,MAYNARDMAYNARDMAYNARD@gmail.com,914-221-5760,0
0657,AAD-657,FARRELL FARRELL,10,M,FARRELLFARRELLFARRELL@yahoo.com,887-490-7295,0
0658,AAD-658,LOWERY LOWERY L,29,F,LOWERYLOWERYLOWERY@mookambikainfo.com,738-691-3890,5
0659,AAD-659,HURST HURST HUR,32,F,HURSTHURSTHURST@mookambikainfo.com,361-238-1662,6
0660,AAD-660,NIXON NIXON NIX,51,M,NIXONNIXONNIXON@yahoo.com,358-561-3091,4
0661,AAD-661,WEISS WEISS WEI,45,M,WEISSWEISSWEISS@yahoo.com,485-257-9735,1
0662,AAD-662,TRUJILLO TRUJIL,23,F,TRUJILLOTRUJILLOTRUJILLO@techmango.com,656-888-8198,1
0663,AAD-663,ELLISON ELLISON,36,F,ELLISONELLISONELLISON@techmango.com,693-234-6164,6
0664,AAD-664,SLOAN SLOAN SLO,59,M,SLOANSLOANSLOAN@hotmail.com,749-554-8098,2
0665,AAD-665,JUAREZ JUAREZ J,13,F,JUAREZJUAREZJUAREZ@techmango.com,720-519-6498,5
0666,AAD-666,WINTERS WINTERS,15,M,WINTERSWINTERSWINTERS@hotmail.com,911-850-0418,0
0667,AAD-667,MCLEAN MCLEAN M,47,F,MCLEANMCLEANMCLEAN@gmail.com,467-115-9489,5
0668,AAD-668,RANDOLPH RANDOL,59,M,RANDOLPHRANDOLPHRANDOLPH@yahoo.com,358-467-1612,5
0669,AAD-669,LEON LEON LEON,44,F,LEONLEONLEON@gmail.com,848-423-7636,2
0670,AAD-670,BOYER BOYER BOY,32,F,BOYERBOYERBOYER@techmango.com,170-265-9439,6
0671,AAD-671,VILLARREAL VILL,26,M,VILLARREALVILLARREALVILLARREAL@hotmail.com,349-051-5907,6
0672,AAD-672,MCCALL MCCALL M,13,M,MCCALLMCCALLMCCALL@yahoo.com,378-196-5006,3
0673,AAD-673,GENTRY GENTRY G,19,M,GENTRYGENTRYGENTRY@hotmail.com,644-200-5125,7
0674,AAD-674,CARRILLO CARRIL,52,M,CARRILLOCARRILLOCARRILLO@mookambikainfo.com,833-031-6339,0
0675,AAD-675,KENT KENT KENT,35,M,KENTKENTKENT@mookambikainfo.com,500-807-8204,3
0676,AAD-676,AYERS AYERS AYE,27,F,AYERSAYERSAYERS@mookambikainfo.com,418-507-6580,0
0677,AAD-677,LARA LARA LARA,27,M,LARALARALARA@gmail.com,559-205-5491,4
0678,AAD-678,SHANNON SHANNON,11,F,SHANNONSHANNONSHANNON@techmango.com,451-856-4550,7
0679,AAD-679,SEXTON SEXTON S,52,M,SEXTONSEXTONSEXTON@gmail.com,476-728-9665,0
0680,AAD-680,PACE PACE PACE,58,F,PACEPACEPACE@gmail.com,957-853-7712,0
0681,AAD-681,HULL HULL HULL,50,F,HULLHULLHULL@gmail.com,505-415-6386,0
0682,AAD-682,LEBLANC LEBLANC,22,F,LEBLANCLEBLANCLEBLANC@techmango.com,281-274-3008,0
0683,AAD-683,BROWNING BROWNI,40,M,BROWNINGBROWNINGBROWNING@hotmail.com,884-648-4639,0
0684,AAD-684,VELASQUEZ VELAS,12,F,VELASQUEZVELASQUEZVELASQUEZ@gmail.com,754-349-3635,0
0685,AAD-685,LEACH LEACH LEA,51,M,LEACHLEACHLEACH@yahoo.com,822-713-6602,4
0686,AAD-686,CHANG CHANG CHA,45,M,CHANGCHANGCHANG@hotmail.com,945-637-5021,2
0687,AAD-687,HOUSE HOUSE HOU,53,M,HOUSEHOUSEHOUSE@yahoo.com,381-883-4241,1
0688,AAD-688,SELLERS SELLERS,14,F,SELLERSSELLERSSELLERS@hotmail.com,931-102-8774,2
0689,AAD-689,HERRING HERRING,16,M,HERRINGHERRINGHERRING@yahoo.com,949-074-6350,7
0690,AAD-690,NOBLE NOBLE NOB,46,F,NOBLENOBLENOBLE@gmail.com,664-076-5022,5
0691,AAD-691,FOLEY FOLEY FOL,12,F,FOLEYFOLEYFOLEY@hotmail.com,546-555-2667,3
0692,AAD-692,BARTLETT BARTLE,40,F,BARTLETTBARTLETTBARTLETT@hotmail.com,266-529-0978,2
0693,AAD-693,MERCADO MERCADO,18,M,MERCADOMERCADOMERCADO@gmail.com,109-740-1653,6
0694,AAD-694,LANDRY LANDRY L,39,M,LANDRYLANDRYLANDRY@techmango.com,334-609-5057,4
0695,AAD-695,DURHAM DURHAM D,15,F,DURHAMDURHAMDURHAM@techmango.com,893-503-9928,2
0696,AAD-696,WALLS WALLS WAL,34,F,WALLSWALLSWALLS@techmango.com,878-169-3045,3
0697,AAD-697,BARR BARR BARR,56,F,BARRBARRBARR@yahoo.com,673-199-2125,4
0698,AAD-698,MCKEE MCKEE MCK,43,M,MCKEEMCKEEMCKEE@yahoo.com,365-121-3628,1
0699,AAD-699,BAUER BAUER BAU,52,M,BAUERBAUERBAUER@gmail.com,628-423-0889,4
0700,AAD-700,RIVERS RIVERS R,56,M,RIVERSRIVERSRIVERS@techmango.com,497-773-8779,5
0701,AAD-701,EVERETT EVERETT,29,M,EVERETTEVERETTEVERETT@yahoo.com,405-849-0221,5
0702,AAD-702,BRADSHAW BRADSH,28,F,BRADSHAWBRADSHAWBRADSHAW@mookambikainfo.com,587-028-5496,6
0703,AAD-703,PUGH PUGH PUGH,46,M,PUGHPUGHPUGH@yahoo.com,972-657-8927,6
0704,AAD-704,VELEZ VELEZ VEL,45,M,VELEZVELEZVELEZ@mookambikainfo.com,761-462-8828,6
0705,AAD-705,RUSH RUSH RUSH,40,F,RUSHRUSHRUSH@yahoo.com,989-498-7703,1
0706,AAD-706,ESTES ESTES EST,16,M,ESTESESTESESTES@mookambikainfo.com,764-785-0779,3
0707,AAD-707,DODSON DODSON D,42,M,DODSONDODSONDODSON@mookambikainfo.com,909-342-3558,1
0708,AAD-708,MORSE MORSE MOR,33,M,MORSEMORSEMORSE@hotmail.com,379-547-8758,3
0709,AAD-709,SHEPPARD SHEPPA,25,M,SHEPPARDSHEPPARDSHEPPARD@mookambikainfo.com,360-255-3376,5
0710,AAD-710,WEEKS WEEKS WEE,41,M,WEEKSWEEKSWEEKS@yahoo.com,232-592-4030,6
0711,AAD-711,CAMACHO CAMACHO,35,F,CAMACHOCAMACHOCAMACHO@techmango.com,123-779-6714,5
0712,AAD-712,BEAN BEAN BEAN,41,F,BEANBEANBEAN@yahoo.com,669-493-8707,4
0713,AAD-713,BARRON BARRON B,37,M,BARRONBARRONBARRON@techmango.com,428-056-1846,7
0714,AAD-714,LIVINGSTON LIVI,37,M,LIVINGSTONLIVINGSTONLIVINGSTON@mookambikainfo.com,733-540-2281,5
0715,AAD-715,MIDDLETON MIDDL,36,M,MIDDLETONMIDDLETONMIDDLETON@mookambikainfo.com,759-474-6605,7
0716,AAD-716,SPEARS SPEARS S,54,F,SPEARSSPEARSSPEARS@hotmail.com,632-582-8662,7
0717,AAD-717,BRANCH BRANCH B,43,M,BRANCHBRANCHBRANCH@yahoo.com,984-624-1928,7
0718,AAD-718,BLEVINS BLEVINS,13,F,BLEVINSBLEVINSBLEVINS@gmail.com,846-544-1518,6
0719,AAD-719,CHEN CHEN CHEN,16,F,CHENCHENCHEN@gmail.com,290-112-9783,5
0720,AAD-720,KERR KERR KERR,27,F,KERRKERRKERR@hotmail.com,679-883-1095,4
0721,AAD-721,MCCONNELL MCCON,48,M,MCCONNELLMCCONNELLMCCONNELL@mookambikainfo.com,613-730-4314,0
0722,AAD-722,HATFIELD HATFIE,33,F,HATFIELDHATFIELDHATFIELD@yahoo.com,701-825-5393,2
0723,AAD-723,HARDING HARDING,38,F,HARDINGHARDINGHARDING@techmango.com,713-850-7706,6
0724,AAD-724,ASHLEY ASHLEY A,47,F,ASHLEYASHLEYASHLEY@gmail.com,558-475-7060,2
0725,AAD-725,SOLIS SOLIS SOL,44,M,SOLISSOLISSOLIS@techmango.com,960-535-4607,3
0726,AAD-726,HERMAN HERMAN H,49,F,HERMANHERMANHERMAN@yahoo.com,505-354-3712,3
0727,AAD-727,FROST FROST FRO,42,F,FROSTFROSTFROST@hotmail.com,633-462-3681,3
0728,AAD-728,GILES GILES GIL,44,M,GILESGILESGILES@mookambikainfo.com,773-636-5125,1
0729,AAD-729,BLACKBURN BLACK,57,M,BLACKBURNBLACKBURNBLACKBURN@hotmail.com,989-543-4229,2
0730,AAD-730,WILLIAM WILLIAM,58,M,WILLIAMWILLIAMWILLIAM@yahoo.com,416-041-8990,2
0731,AAD-731,PENNINGTON PENN,42,M,PENNINGTONPENNINGTONPENNINGTON@yahoo.com,622-437-7201,6
0732,AAD-732,WOODWARD WOODWA,46,F,WOODWARDWOODWARDWOODWARD@mookambikainfo.com,463-115-4015,5
0733,AAD-733,FINLEY FINLEY F,47,M,FINLEYFINLEYFINLEY@techmango.com,462-382-4304,5
0734,AAD-734,MCINTOSH MCINTO,57,F,MCINTOSHMCINTOSHMCINTOSH@techmango.com,171-177-2343,0
0735,AAD-735,KOCH KOCH KOCH,28,F,KOCHKOCHKOCH@mookambikainfo.com,898-427-6319,0
0736,AAD-736,BEST BEST BEST,45,M,BESTBESTBEST@hotmail.com,547-045-2682,3
0737,AAD-737,SOLOMON SOLOMON,36,F,SOLOMONSOLOMONSOLOMON@techmango.com,432-305-8207,2
0738,AAD-738,MCCULLOUGH MCCU,57,F,MCCULLOUGHMCCULLOUGHMCCULLOUGH@mookambikainfo.com,516-717-5376,5
0739,AAD-739,DUDLEY DUDLEY D,21,M,DUDLEYDUDLEYDUDLEY@hotmail.com,965-813-2470,6
0740,AAD-740,NOLAN NOLAN NOL,59,F,NOLANNOLANNOLAN@hotmail.com,231-730-6665,1
0741,AAD-741,BLANCHARD BLANC,28,M,BLANCHARDBLANCHARDBLANCHARD@mookambikainfo.com,729-164-2236,3
0742,AAD-742,RIVAS RIVAS RIV,46,M,RIVASRIVASRIVAS@hotmail.com,138-422-7824,5
0743,AAD-743,BRENNAN BRENNAN,38,F,BRENNANBRENNANBRENNAN@yahoo.com,867-225-6575,4
0744,AAD-744,MEJIA MEJIA MEJ,20,M,MEJIAMEJIAMEJIA@mookambikainfo.com,563-268-9218,0
0745,AAD-745,KANE KANE KANE,30,M,KANEKANEKANE@gmail.com,683-654-6405,0
0746,AAD-746,BENTON BENTON B,39,M,BENTONBENTONBENTON@gmail.com,528-355-5494,6
0747,AAD-747,JOYCE JOYCE JOY,40,M,JOYCEJOYCEJOYCE@mookambikainfo.com,317-122-0757,6
0748,AAD-748,BUCKLEY BUCKLEY,55,F,BUCKLEYBUCKLEYBUCKLEY@gmail.com,736-169-8831,1
0749,AAD-749,HALEY HALEY HAL,22,M,HALEYHALEYHALEY@techmango.com,312-624-0282,1
0750,AAD-750,VALENTINE VALEN,43,F,VALENTINEVALENTINEVALENTINE@mookambikainfo.com,747-166-4341,4
0751,AAD-751,MADDOX MADDOX M,58,M,MADDOXMADDOXMADDOX@hotmail.com,769-257-8791,6
0752,AAD-752,RUSSO RUSSO RUS,44,M,RUSSORUSSORUSSO@hotmail.com,956-153-5469,4
0753,AAD-753,MCKNIGHT MCKNIG,30,M,MCKNIGHTMCKNIGHTMCKNIGHT@techmango.com,972-850-8912,0
0754,AAD-754,BUCK BUCK BUCK,26,M,BUCKBUCKBUCK@yahoo.com,422-232-6165,7
0755,AAD-755,MOON MOON MOON,24,F,MOONMOONMOON@gmail.com,844-723-1350,7
0756,AAD-756,MCMILLAN MCMILL,24,F,MCMILLANMCMILLANMCMILLAN@mookambikainfo.com,382-022-9250,4
0757,AAD-757,CROSBY CROSBY C,39,M,CROSBYCROSBYCROSBY@yahoo.com,892-717-6990,5
0758,AAD-758,BERG BERG BERG,18,F,BERGBERGBERG@hotmail.com,787-323-4679,2
0759,AAD-759,DOTSON DOTSON D,37,F,DOTSONDOTSONDOTSON@yahoo.com,161-142-8309,0
0760,AAD-760,MAYS MAYS MAYS,56,F,MAYSMAYSMAYS@hotmail.com,906-275-8321,7
0761,AAD-761,ROACH ROACH ROA,48,M,ROACHROACHROACH@hotmail.com,518-645-4820,6
0762,AAD-762,CHURCH CHURCH C,12,M,CHURCHCHURCHCHURCH@gmail.com,254-733-2846,5
0763,AAD-763,CHAN CHAN CHAN,48,M,CHANCHANCHAN@techmango.com,219-565-6045,3
0764,AAD-764,RICHMOND RICHMO,30,M,RICHMONDRICHMONDRICHMOND@hotmail.com,937-301-8807,0
0765,AAD-765,MEADOWS MEADOWS,23,F,MEADOWSMEADOWSMEADOWS@mookambikainfo.com,970-276-1868,1
0766,AAD-766,FAULKNER FAULKN,54,F,FAULKNERFAULKNERFAULKNER@yahoo.com,497-072-5627,7
0767,AAD-767,ONEILL ONEILL O,20,F,ONEILLONEILLONEILL@yahoo.com,692-269-7325,0
0768,AAD-768,KNAPP KNAPP KNA,32,M,KNAPPKNAPPKNAPP@mookambikainfo.com,918-593-7873,7
0769,AAD-769,KLINE KLINE KLI,18,M,KLINEKLINEKLINE@techmango.com,108-858-0497,7
0770,AAD-770,BARRY BARRY BAR,44,M,BARRYBARRYBARRY@hotmail.com,151-101-6052,1
0771,AAD-771,OCHOA OCHOA OCH,15,M,OCHOAOCHOAOCHOA@hotmail.com,320-777-5185,3
0772,AAD-772,JACOBSON JACOBS,56,M,JACOBSONJACOBSONJACOBSON@techmango.com,683-273-7395,2
0773,AAD-773,GAY GAY GAY,45,F,GAYGAYGAY@yahoo.com,298-689-9575,1
0774,AAD-774,AVERY AVERY AVE,11,F,AVERYAVERYAVERY@mookambikainfo.com,702-330-2493,2
0775,AAD-775,HENDRICKS HENDR,23,M,HENDRICKSHENDRICKSHENDRICKS@yahoo.com,540-667-0876,4
0776,AAD-776,HORNE HORNE HOR,55,F,HORNEHORNEHORNE@yahoo.com,886-779-5042,3
0777,AAD-777,SHEPARD SHEPARD,40,F,SHEPARDSHEPARDSHEPARD@mookambikainfo.com,372-097-6725,0
0778,AAD-778,HEBERT HEBERT H,25,M,HEBERTHEBERTHEBERT@hotmail.com,185-043-3077,5
0779,AAD-779,CHERRY CHERRY C,38,F,CHERRYCHERRYCHERRY@yahoo.com,757-255-6133,7
0780,AAD-780,CARDENAS CARDEN,43,M,CARDENASCARDENASCARDENAS@gmail.com,331-393-1845,4
0781,AAD-781,MCINTYRE MCINTY,48,F,MCINTYREMCINTYREMCINTYRE@mookambikainfo.com,289-269-5019,0
0782,AAD-782,WHITNEY WHITNEY,33,F,WHITNEYWHITNEYWHITNEY@yahoo.com,317-777-9834,6
0783,AAD-783,WALLER WALLER W,34,M,WALLERWALLERWALLER@techmango.com,853-579-9593,0
0784,AAD-784,HOLMAN HOLMAN H,24,F,HOLMANHOLMANHOLMAN@techmango.com,769-245-9359,0
0785,AAD-785,DONALDSON DONAL,46,F,DONALDSONDONALDSONDONALDSON@gmail.com,330-136-1866,0
0786,AAD-786,CANTU CANTU CAN,39,M,CANTUCANTUCANTU@gmail.com,177-531-3811,3
0787,AAD-787,TERRELL TERRELL,11,M,TERRELLTERRELLTERRELL@mookambikainfo.com,560-533-5678,7
0788,AAD-788,MORIN MORIN MOR,12,M,MORINMORINMORIN@mookambikainfo.com,517-236-0460,1
0789,AAD-789,GILLESPIE GILLE,29,F,GILLESPIEGILLESPIEGILLESPIE@techmango.com,662-639-5391,3
0790,AAD-790,FUENTES FUENTES,17,M,FUENTESFUENTESFUENTES@mookambikainfo.com,569-204-2999,1
0791,AAD-791,TILLMAN TILLMAN,45,F,TILLMANTILLMANTILLMAN@hotmail.com,936-649-8057,1
0792,AAD-792,SANFORD SANFORD,42,M,SANFORDSANFORDSANFORD@techmango.com,628-888-4335,3
0793,AAD-793,BENTLEY BENTLEY,56,F,BENTLEYBENTLEYBENTLEY@hotmail.com,295-381-7664,1
0794,AAD-794,PECK PECK PECK,32,M,PECKPECKPECK@gmail.com,382-197-4678,1
0795,AAD-795,KEY KEY KEY,40,M,KEYKEYKEY@hotmail.com,409-431-4240,5
0796,AAD-796,SALAS SALAS SAL,35,M,SALASSALASSALAS@techmango.com,951-051-3665,6
0797,AAD-797,ROLLINS ROLLINS,51,F,ROLLINSROLLINSROLLINS@yahoo.com,644-274-1228,3
0798,AAD-798,GAMBLE GAMBLE G,51,M,GAMBLEGAMBLEGAMBLE@hotmail.com,848-034-7834,0
0799,AAD-799,DICKSON DICKSON,21,M,DICKSONDICKSONDICKSON@hotmail.com,402-382-5654,0
0800,AAD-800,BATTLE BATTLE B,44,M,BATTLEBATTLEBATTLE@mookambikainfo.com,633-800-6623,0
0801,AAD-801,SANTANA SANTANA,16,M,SANTANASANTANASANTANA@techmango.com,277-453-3901,2
0802,AAD-802,CABRERA CABRERA,21,M,CABRERACABRERACABRERA@gmail.com,621-056-7240,6
0803,AAD-803,CERVANTES CERVA,26,F,CERVANTESCERVANTESCERVANTES@gmail.com,982-546-8426,7
0804,AAD-804,HOWE HOWE HOWE,10,M,HOWEHOWEHOWE@mookambikainfo.com,146-713-6743,0
0805,AAD-805,HINTON HINTON H,57,M,HINTONHINTONHINTON@gmail.com,160-422-1691,0
0806,AAD-806,HURLEY HURLEY H,55,M,HURLEYHURLEYHURLEY@gmail.com,699-683-0058,7
0807,AAD-807,SPENCE SPENCE S,58,M,SPENCESPENCESPENCE@techmango.com,552-604-7636,4
0808,AAD-808,ZAMORA ZAMORA Z,23,M,ZAMORAZAMORAZAMORA@hotmail.com,611-759-8683,4
0809,AAD-809,YANG YANG YANG,11,F,YANGYANGYANG@mookambikainfo.com,974-711-8355,3
0810,AAD-810,MCNEIL MCNEIL M,50,M,MCNEILMCNEILMCNEIL@mookambikainfo.com,137-728-4011,4
0811,AAD-811,SUAREZ SUAREZ S,24,F,SUAREZSUAREZSUAREZ@yahoo.com,996-190-2853,4
0812,AAD-812,CASE CASE CASE,56,F,CASECASECASE@techmango.com,299-424-2407,5
0813,AAD-813,PETTY PETTY PET,14,F,PETTYPETTYPETTY@gmail.com,247-455-5873,1
0814,AAD-814,GOULD GOULD GOU,45,F,GOULDGOULDGOULD@yahoo.com,352-288-9827,5
0815,AAD-815,MCFARLAND MCFAR,39,M,MCFARLANDMCFARLANDMCFARLAND@gmail.com,452-401-3625,7
0816,AAD-816,SAMPSON SAMPSON,41,F,SAMPSONSAMPSONSAMPSON@gmail.com,129-767-1604,7
0817,AAD-817,CARVER CARVER C,51,M,CARVERCARVERCARVER@hotmail.com,687-434-6550,0
0818,AAD-818,BRAY BRAY BRAY,44,M,BRAYBRAYBRAY@gmail.com,929-787-4070,7
0819,AAD-819,ROSARIO ROSARIO,57,F,ROSARIOROSARIOROSARIO@mookambikainfo.com,421-098-4345,1
0820,AAD-820,MACDONALD MACDO,30,M,MACDONALDMACDONALDMACDONALD@mookambikainfo.com,954-141-6331,6
0821,AAD-821,STOUT STOUT STO,43,F,STOUTSTOUTSTOUT@techmango.com,868-712-0967,2
0822,AAD-822,HESTER HESTER H,15,F,HESTERHESTERHESTER@yahoo.com,410-599-3192,2
0823,AAD-823,MELENDEZ MELEND,36,F,MELENDEZMELENDEZMELENDEZ@gmail.com,107-502-1595,6
0824,AAD-824,DILLON DILLON D,37,F,DILLONDILLONDILLON@techmango.com,244-028-8947,1
0825,AAD-825,FARLEY FARLEY F,23,M,FARLEYFARLEYFARLEY@techmango.com,895-267-7113,6
0826,AAD-826,HOPPER HOPPER H,35,M,HOPPERHOPPERHOPPER@yahoo.com,164-314-9167,7
0827,AAD-827,GALLOWAY GALLOW,35,F,GALLOWAYGALLOWAYGALLOWAY@yahoo.com,209-787-9671,6
0828,AAD-828,POTTS POTTS POT,18,M,POTTSPOTTSPOTTS@mookambikainfo.com,640-632-8621,3
0829,AAD-829,BERNARD BERNARD,15,M,BERNARDBERNARDBERNARD@gmail.com,883-739-6995,3
0830,AAD-830,JOYNER JOYNER J,35,F,JOYNERJOYNERJOYNER@gmail.com,440-071-1450,3
0831,AAD-831,STEIN STEIN STE,23,M,STEINSTEINSTEIN@mookambikainfo.com,388-202-0356,6
0832,AAD-832,AGUIRRE AGUIRRE,33,F,AGUIRREAGUIRREAGUIRRE@gmail.com,971-015-1007,7
0833,AAD-833,OSBORN OSBORN O,59,F,OSBORNOSBORNOSBORN@mookambikainfo.com,652-253-3620,6
0834,AAD-834,MERCER MERCER M,56,F,MERCERMERCERMERCER@hotmail.com,144-259-4613,4
0835,AAD-835,BENDER BENDER B,22,F,BENDERBENDERBENDER@techmango.com,371-190-7935,4
0836,AAD-836,FRANCO FRANCO F,42,F,FRANCOFRANCOFRANCO@mookambikainfo.com,401-178-1635,5
0837,AAD-837,ROWLAND ROWLAND,51,F,ROWLANDROWLANDROWLAND@yahoo.com,821-225-5704,1
0838,AAD-838,SYKES SYKES SYK,25,F,SYKESSYKESSYKES@gmail.com,636-708-8714,2
0839,AAD-839,BENJAMIN BENJAM,46,F,BENJAMINBENJAMINBENJAMIN@yahoo.com,645-149-9181,3
0840,AAD-840,TRAVIS TRAVIS T,38,F,TRAVISTRAVISTRAVIS@techmango.com,611-260-5564,4
0841,AAD-841,PICKETT PICKETT,14,F,PICKETTPICKETTPICKETT@mookambikainfo.com,764-134-4916,0
0842,AAD-842,CRANE CRANE CRA,47,F,CRANECRANECRANE@gmail.com,260-281-2520,7
0843,AAD-843,SEARS SEARS SEA,32,M,SEARSSEARSSEARS@yahoo.com,553-059-2720,3
0844,AAD-844,MAYO MAYO MAYO,30,F,MAYOMAYOMAYO@techmango.com,262-316-1562,3
0845,AAD-845,DUNLAP DUNLAP D,33,F,DUNLAPDUNLAPDUNLAP@gmail.com,193-019-7360,7
0846,AAD-846,HAYDEN HAYDEN H,24,M,HAYDENHAYDENHAYDEN@mookambikainfo.com,881-073-1642,7
0847,AAD-847,WILDER WILDER W,53,M,WILDERWILDERWILDER@techmango.com,983-660-6020,0
0848,AAD-848,MCKAY MCKAY MCK,37,F,MCKAYMCKAYMCKAY@yahoo.com,524-846-3157,7
0849,AAD-849,COFFEY COFFEY C,49,F,COFFEYCOFFEYCOFFEY@techmango.com,664-546-2682,6
0850,AAD-850,MCCARTY MCCARTY,56,M,MCCARTYMCCARTYMCCARTY@techmango.com,350-671-1297,2
0851,AAD-851,EWING EWING EWI,29,F,EWINGEWINGEWING@mookambikainfo.com,598-411-5909,2
0852,AAD-852,COOLEY COOLEY C,21,M,COOLEYCOOLEYCOOLEY@gmail.com,112-533-4772,2
0853,AAD-853,VAUGHAN VAUGHAN,44,M,VAUGHANVAUGHANVAUGHAN@techmango.com,497-585-5579,5
0854,AAD-854,BONNER BONNER B,27,M,BONNERBONNERBONNER@techmango.com,503-338-5928,4
0855,AAD-855,COTTON COTTON C,34,F,COTTONCOTTONCOTTON@hotmail.com,855-222-1161,3
0856,AAD-856,HOLDER HOLDER H,56,F,HOLDERHOLDERHOLDER@mookambikainfo.com,899-577-2028,4
0857,AAD-857,STARK STARK STA,32,M,STARKSTARKSTARK@gmail.com,688-525-3896,0
0858,AAD-858,FERRELL FERRELL,33,M,FERRELLFERRELLFERRELL@hotmail.com,233-123-3987,3
0859,AAD-859,CANTRELL CANTRE,21,F,CANTRELLCANTRELLCANTRELL@hotmail.com,388-438-6561,7
0860,AAD-860,FULTON FULTON F,35,F,FULTONFULTONFULTON@mookambikainfo.com,367-103-3370,2
0861,AAD-861,LYNN LYNN LYNN,19,F,LYNNLYNNLYNN@techmango.com,394-527-9872,0
0862,AAD-862,LOTT LOTT LOTT,30,M,LOTTLOTTLOTT@gmail.com,520-695-1988,6
0863,AAD-863,CALDERON CALDER,18,F,CALDERONCALDERONCALDERON@yahoo.com,620-306-2668,6
0864,AAD-864,ROSA ROSA ROSA,29,M,ROSAROSAROSA@yahoo.com,326-015-1329,2
0865,AAD-865,POLLARD POLLARD,50,M,POLLARDPOLLARDPOLLARD@mookambikainfo.com,563-467-4020,5
0866,AAD-866,HOOPER HOOPER H,28,F,HOOPERHOOPERHOOPER@mookambikainfo.com,923-315-8093,4
0867,AAD-867,BURCH BURCH BUR,38,F,BURCHBURCHBURCH@yahoo.com,881-033-0535,5
0868,AAD-868,MULLEN MULLEN M,15,M,MULLENMULLENMULLEN@techmango.com,158-067-7764,3
0869,AAD-869,FRY FRY FRY,37,F,FRYFRYFRY@gmail.com,515-481-4263,2
0870,AAD-870,RIDDLE RIDDLE R,10,F,RIDDLERIDDLERIDDLE@gmail.com,512-516-0519,0
0871,AAD-871,LEVY LEVY LEVY,43,F,LEVYLEVYLEVY@gmail.com,951-707-4989,3
0872,AAD-872,DAVID DAVID DAV,16,M,DAVIDDAVIDDAVID@hotmail.com,510-771-1818,7
0873,AAD-873,DUKE DUKE DUKE,13,F,DUKEDUKEDUKE@yahoo.com,302-719-2082,1
0874,AAD-874,ODONNELL ODONNE,40,F,ODONNELLODONNELLODONNELL@yahoo.com,505-375-1016,1
0875,AAD-875,GUY GUY GUY,30,M,GUYGUYGUY@gmail.com,835-341-5764,5
0876,AAD-876,MICHAEL MICHAEL,40,F,MICHAELMICHAELMICHAEL@techmango.com,341-252-6485,0
0877,AAD-877,BRITT BRITT BRI,18,F,BRITTBRITTBRITT@mookambikainfo.com,831-465-9643,3
0878,AAD-878,FREDERICK FREDE,22,M,FREDERICKFREDERICKFREDERICK@hotmail.com,744-708-7504,4
0879,AAD-879,DAUGHERTY DAUGH,49,F,DAUGHERTYDAUGHERTYDAUGHERTY@hotmail.com,642-653-5337,1
0880,AAD-880,BERGER BERGER B,50,M,BERGERBERGERBERGER@gmail.com,795-678-8155,4
0881,AAD-881,DILLARD DILLARD,15,F,DILLARDDILLARDDILLARD@mookambikainfo.com,812-527-7213,4
0882,AAD-882,ALSTON ALSTON A,33,M,ALSTONALSTONALSTON@techmango.com,696-086-0946,3
0883,AAD-883,JARVIS JARVIS J,17,F,JARVISJARVISJARVIS@gmail.com,541-674-2319,2
0884,AAD-884,FRYE FRYE FRYE,13,M,FRYEFRYEFRYE@yahoo.com,978-576-3384,2
0885,AAD-885,RIGGS RIGGS RIG,28,F,RIGGSRIGGSRIGGS@gmail.com,227-629-2185,1
0886,AAD-886,CHANEY CHANEY C,34,F,CHANEYCHANEYCHANEY@techmango.com,555-538-3994,2
0887,AAD-887,ODOM ODOM ODOM,22,M,ODOMODOMODOM@yahoo.com,500-403-8294,6
0888,AAD-888,DUFFY DUFFY DUF,54,M,DUFFYDUFFYDUFFY@mookambikainfo.com,302-279-6896,1
0889,AAD-889,FITZPATRICK FIT,34,M,FITZPATRICKFITZPATRICKFITZPATRICK@techmango.com,440-024-2333,4
0890,AAD-890,VALENZUELA VALE,18,M,VALENZUELAVALENZUELAVALENZUELA@mookambikainfo.com,115-547-3558,0
0891,AAD-891,MERRILL MERRILL,14,F,MERRILLMERRILLMERRILL@gmail.com,685-558-1501,7
0892,AAD-892,MAYER MAYER MAY,32,M,MAYERMAYERMAYER@mookambikainfo.com,112-328-8324,1
0893,AAD-893,ALFORD ALFORD A,58,F,ALFORDALFORDALFORD@yahoo.com,271-001-7758,3
0894,AAD-894,MCPHERSON MCPHE,54,M,MCPHERSONMCPHERSONMCPHERSON@yahoo.com,578-280-9071,0
0895,AAD-895,ACEVEDO ACEVEDO,46,F,ACEVEDOACEVEDOACEVEDO@mookambikainfo.com,124-240-6540,7
0896,AAD-896,DONOVAN DONOVAN,25,M,DONOVANDONOVANDONOVAN@gmail.com,676-538-5877,0
0897,AAD-897,BARRERA BARRERA,29,M,BARRERABARRERABARRERA@hotmail.com,365-244-5017,0
0898,AAD-898,ALBERT ALBERT A,51,M,ALBERTALBERTALBERT@techmango.com,831-107-6405,5
0899,AAD-899,COTE COTE COTE,20,M,COTECOTECOTE@techmango.com,217-417-9233,5
0900,AAD-900,REILLY REILLY R,25,F,REILLYREILLYREILLY@hotmail.com,711-237-8268,4
0901,AAD-901,COMPTON COMPTON,17,F,COMPTONCOMPTONCOMPTON@gmail.com,864-830-4578,6
0902,AAD-902,RAYMOND RAYMOND,28,F,RAYMONDRAYMONDRAYMOND@yahoo.com,645-016-2468,3
0903,AAD-903,MOONEY MOONEY M,35,F,MOONEYMOONEYMOONEY@hotmail.com,515-857-2014,5
0904,AAD-904,MCGOWAN MCGOWAN,22,F,MCGOWANMCGOWANMCGOWAN@hotmail.com,306-320-9573,7
0905,AAD-905,CRAFT CRAFT CRA,23,F,CRAFTCRAFTCRAFT@yahoo.com,629-721-7706,4
0906,AAD-906,CLEVELAND CLEVE,52,F,CLEVELANDCLEVELANDCLEVELAND@yahoo.com,104-107-5358,0
0907,AAD-907,CLEMONS CLEMONS,51,F,CLEMONSCLEMONSCLEMONS@gmail.com,337-408-7941,3
0908,AAD-908,WYNN WYNN WYNN,53,F,WYNNWYNNWYNN@gmail.com,717-254-9941,1
0909,AAD-909,NIELSEN NIELSEN,28,F,NIELSENNIELSENNIELSEN@mookambikainfo.com,783-387-7072,2
0910,AAD-910,BAIRD BAIRD BAI,41,F,BAIRDBAIRDBAIRD@techmango.com,460-380-4003,0
0911,AAD-911,STANTON STANTON,55,M,STANTONSTANTONSTANTON@mookambikainfo.com,780-559-6617,6
0912,AAD-912,SNIDER SNIDER S,42,M,SNIDERSNIDERSNIDER@techmango.com,939-184-1871,0
0913,AAD-913,ROSALES ROSALES,47,M,ROSALESROSALESROSALES@gmail.com,158-276-7360,4
0914,AAD-914,BRIGHT BRIGHT B,36,M,BRIGHTBRIGHTBRIGHT@mookambikainfo.com,123-253-4362,7
0915,AAD-915,WITT WITT WITT,17,F,WITTWITTWITT@yahoo.com,723-378-7899,3
0916,AAD-916,STUART STUART S,23,M,STUARTSTUARTSTUART@mookambikainfo.com,148-170-0920,0
0917,AAD-917,HAYS HAYS HAYS,10,M,HAYSHAYSHAYS@gmail.com,401-108-9104,7
0918,AAD-918,HOLDEN HOLDEN H,46,F,HOLDENHOLDENHOLDEN@techmango.com,689-795-1463,5
0919,AAD-919,RUTLEDGE RUTLED,37,M,RUTLEDGERUTLEDGERUTLEDGE@gmail.com,631-805-9624,3
0920,AAD-920,KINNEY KINNEY K,56,M,KINNEYKINNEYKINNEY@mookambikainfo.com,613-321-8895,6
0921,AAD-921,CLEMENTS CLEMEN,27,F,CLEMENTSCLEMENTSCLEMENTS@yahoo.com,377-819-1461,1
0922,AAD-922,CASTANEDA CASTA,58,M,CASTANEDACASTANEDACASTANEDA@gmail.com,291-515-5605,2
0923,AAD-923,SLATER SLATER S,20,F,SLATERSLATERSLATER@mookambikainfo.com,296-464-4928,7
0924,AAD-924,HAHN HAHN HAHN,55,F,HAHNHAHNHAHN@yahoo.com,436-779-0047,7
0925,AAD-925,EMERSON EMERSON,46,M,EMERSONEMERSONEMERSON@yahoo.com,872-836-3690,7
0926,AAD-926,CONRAD CONRAD C,52,M,CONRADCONRADCONRAD@hotmail.com,879-261-1343,2
0927,AAD-927,BURKS BURKS BUR,57,M,BURKSBURKSBURKS@mookambikainfo.com,111-819-0148,7
0928,AAD-928,DELANEY DELANEY,20,M,DELANEYDELANEYDELANEY@mookambikainfo.com,495-286-6684,4
0929,AAD-929,PATE PATE PATE,49,F,PATEPATEPATE@hotmail.com,189-540-8295,1
0930,AAD-930,LANCASTER LANCA,29,M,LANCASTERLANCASTERLANCASTER@mookambikainfo.com,828-381-1923,0
0931,AAD-931,SWEET SWEET SWE,32,F,SWEETSWEETSWEET@hotmail.com,543-732-0959,4
0932,AAD-932,JUSTICE JUSTICE,15,F,JUSTICEJUSTICEJUSTICE@hotmail.com,994-818-4562,1
0933,AAD-933,TYSON TYSON TYS,35,M,TYSONTYSONTYSON@mookambikainfo.com,200-270-0345,4
0934,AAD-934,SHARPE SHARPE S,38,F,SHARPESHARPESHARPE@techmango.com,206-819-2130,6
0935,AAD-935,WHITFIELD WHITF,27,F,WHITFIELDWHITFIELDWHITFIELD@gmail.com,421-818-0240,6
0936,AAD-936,TALLEY TALLEY T,31,M,TALLEYTALLEYTALLEY@gmail.com,918-505-5168,7
0937,AAD-937,MACIAS MACIAS M,42,F,MACIASMACIASMACIAS@gmail.com,289-322-6225,4
0938,AAD-938,IRWIN IRWIN IRW,16,F,IRWINIRWINIRWIN@yahoo.com,466-701-9836,5
0939,AAD-939,BURRIS BURRIS B,45,M,BURRISBURRISBURRIS@yahoo.com,608-724-1073,4
0940,AAD-940,RATLIFF RATLIFF,10,M,RATLIFFRATLIFFRATLIFF@hotmail.com,418-690-1471,2
0941,AAD-941,MCCRAY MCCRAY M,24,F,MCCRAYMCCRAYMCCRAY@techmango.com,771-552-6982,1
0942,AAD-942,MADDEN MADDEN M,36,M,MADDENMADDENMADDEN@mookambikainfo.com,309-073-3309,0
0943,AAD-943,KAUFMAN KAUFMAN,19,M,KAUFMANKAUFMANKAUFMAN@techmango.com,869-155-6377,2
0944,AAD-944,BEACH BEACH BEA,43,M,BEACHBEACHBEACH@mookambikainfo.com,191-480-8114,7
0945,AAD-945,GOFF GOFF GOFF,16,F,GOFFGOFFGOFF@hotmail.com,815-143-5381,1
0946,AAD-946,CASH CASH CASH,22,M,CASHCASHCASH@mookambikainfo.com,592-736-6730,7
0947,AAD-947,BOLTON BOLTON B,51,M,BOLTONBOLTONBOLTON@hotmail.com,651-653-2088,4
0948,AAD-948,MCFADDEN MCFADD,22,F,MCFADDENMCFADDENMCFADDEN@mookambikainfo.com,148-039-3693,3
0949,AAD-949,LEVINE LEVINE L,43,M,LEVINELEVINELEVINE@gmail.com,296-252-7617,0
0950,AAD-950,GOOD GOOD GOOD,32,M,GOODGOODGOOD@hotmail.com,274-793-3474,4
0951,AAD-951,BYERS BYERS BYE,40,F,BYERSBYERSBYERS@gmail.com,101-393-0233,1
0952,AAD-952,KIRKLAND KIRKLA,13,M,KIRKLANDKIRKLANDKIRKLAND@yahoo.com,420-568-8266,4
0953,AAD-953,KIDD KIDD KIDD,55,F,KIDDKIDDKIDD@techmango.com,342-089-8936,3
0954,AAD-954,WORKMAN WORKMAN,48,M,WORKMANWORKMANWORKMAN@hotmail.com,761-667-2035,4
0955,AAD-955,CARNEY CARNEY C,35,M,CARNEYCARNEYCARNEY@yahoo.com,412-014-7572,1
0956,AAD-956,DALE DALE DALE,47,M,DALEDALEDALE@yahoo.com,927-210-0655,3
0957,AAD-957,MCLEOD MCLEOD M,50,M,MCLEODMCLEODMCLEOD@hotmail.com,709-042-0776,4
0958,AAD-958,HOLCOMB HOLCOMB,48,M,HOLCOMBHOLCOMBHOLCOMB@gmail.com,849-477-4089,2
0959,AAD-959,ENGLAND ENGLAND,15,F,ENGLANDENGLANDENGLAND@gmail.com,623-572-1366,3
0960,AAD-960,FINCH FINCH FIN,41,F,FINCHFINCHFINCH@yahoo.com,641-744-6860,7
0961,AAD-961,HEAD HEAD HEAD,28,M,HEADHEADHEAD@yahoo.com,701-219-7771,7
0962,AAD-962,BURT BURT BURT,45,F,BURTBURTBURT@gmail.com,624-772-7855,7
0963,AAD-963,HENDRIX HENDRIX,21,M,HENDRIXHENDRIXHENDRIX@gmail.com,505-308-6122,0
0964,AAD-964,SOSA SOSA SOSA,32,M,SOSASOSASOSA@hotmail.com,570-043-4593,6
0965,AAD-965,HANEY HANEY HAN,58,M,HANEYHANEYHANEY@techmango.com,172-294-4123,1
0966,AAD-966,FRANKS FRANKS F,14,F,FRANKSFRANKSFRANKS@mookambikainfo.com,411-451-4277,2
0967,AAD-967,SARGENT SARGENT,40,M,SARGENTSARGENTSARGENT@yahoo.com,140-799-6123,7
0968,AAD-968,NIEVES NIEVES N,35,F,NIEVESNIEVESNIEVES@yahoo.com,594-166-9951,1
0969,AAD-969,DOWNS DOWNS DOW,57,M,DOWNSDOWNSDOWNS@yahoo.com,452-446-6834,6
0970,AAD-970,RASMUSSEN RASMU,23,F,RASMUSSENRASMUSSENRASMUSSEN@mookambikainfo.com,982-852-5979,2
0971,AAD-971,BIRD BIRD BIRD,29,M,BIRDBIRDBIRD@techmango.com,865-466-2482,3
0972,AAD-972,HEWITT HEWITT H,33,F,HEWITTHEWITTHEWITT@yahoo.com,966-118-3646,6
0973,AAD-973,LINDSAY LINDSAY,22,F,LINDSAYLINDSAYLINDSAY@yahoo.com,442-543-7029,2
0974,AAD-974,LE LE LE,20,M,LELELE@hotmail.com,521-466-6148,6
0975,AAD-975,FOREMAN FOREMAN,19,M,FOREMANFOREMANFOREMAN@hotmail.com,628-439-3816,3
0976,AAD-976,VALENCIA VALENC,22,M,VALENCIAVALENCIAVALENCIA@mookambikainfo.com,368-136-3933,7
0977,AAD-977,ONEIL ONEIL ONE,51,M,ONEILONEILONEIL@hotmail.com,144-589-6301,1
0978,AAD-978,DELACRUZ DELACR,35,F,DELACRUZDELACRUZDELACRUZ@yahoo.com,466-123-2202,6
0979,AAD-979,VINSON VINSON V,50,F,VINSONVINSONVINSON@hotmail.com,985-131-5348,5
0980,AAD-980,DEJESUS DEJESUS,42,M,DEJESUSDEJESUSDEJESUS@mookambikainfo.com,402-602-9560,2
0981,AAD-981,HYDE HYDE HYDE,25,F,HYDEHYDEHYDE@techmango.com,952-346-6113,5
0982,AAD-982,FORBES FORBES F,53,M,FORBESFORBESFORBES@yahoo.com,720-811-1848,1
0983,AAD-983,GILLIAM GILLIAM,50,M,GILLIAMGILLIAMGILLIAM@techmango.com,590-208-6905,0
0984,AAD-984,GUTHRIE GUTHRIE,14,F,GUTHRIEGUTHRIEGUTHRIE@mookambikainfo.com,923-210-9728,3
0985,AAD-985,WOOTEN WOOTEN W,22,M,WOOTENWOOTENWOOTEN@gmail.com,909-037-5377,1
0986,AAD-986,HUBER HUBER HUB,22,F,HUBERHUBERHUBER@yahoo.com,727-496-8674,0
0987,AAD-987,BARLOW BARLOW B,35,F,BARLOWBARLOWBARLOW@mookambikainfo.com,706-198-7764,5
0988,AAD-988,BOYLE BOYLE BOY,40,M,BOYLEBOYLEBOYLE@techmango.com,602-467-8644,4
0989,AAD-989,MCMAHON MCMAHON,25,M,MCMAHONMCMAHONMCMAHON@hotmail.com,900-428-0651,2
0990,AAD-990,BUCKNER BUCKNER,57,F,BUCKNERBUCKNERBUCKNER@gmail.com,925-232-3672,0
0991,AAD-991,ROCHA ROCHA ROC,32,F,ROCHAROCHAROCHA@mookambikainfo.com,480-771-5525,5
0992,AAD-992,PUCKETT PUCKETT,12,F,PUCKETTPUCKETTPUCKETT@gmail.com,133-291-8799,2
0993,AAD-993,LANGLEY LANGLEY,45,M,LANGLEYLANGLEYLANGLEY@hotmail.com,553-672-6172,3
0994,AAD-994,KNOWLES KNOWLES,37,M,KNOWLESKNOWLESKNOWLES@techmango.com,770-180-2817,6
0995,AAD-995,COOKE COOKE COO,17,F,COOKECOOKECOOKE@hotmail.com,303-284-5204,0
0996,AAD-996,VELAZQUEZ VELAZ,22,M,VELAZQUEZVELAZQUEZVELAZQUEZ@yahoo.com,793-035-5132,4
0997,AAD-997,WHITLEY WHITLEY,51,F,WHITLEYWHITLEYWHITLEY@yahoo.com,381-853-8367,0
0998,AAD-998,NOEL NOEL NOEL,51,F,NOELNOELNOEL@techmango.com,902-475-0226,6
0999,AAD-999,VANG VANG VANG,23,F,VANGVANGVANG@yahoo.com,635-513-7113,3
01000,AAD-1000,SHEA SHEA SHEA,32,M,SHEASHEASHEA@hotmail.com,501-222-4739,5
